type	name	bound	pos	direction	size	twist	superhelical
EXT	EXT_L		-752.0	0.0	0.0	0.24210280557537858	0.000484532349172748
 RNAP	 RNAP	tetA	115.0	1.0	32.0	-1.1147722872512513	0.05821643622962177
 RNAP	 RNAP	tetA	115.0	1.0	32.0		
 RNAP	 RNAP	tetA	115.0	1.0	32.0	2710.4035427188082	-141.54463364917424
 RNAP	 RNAP	tetA	115.0	1.0	32.0	-38.73122809380064	2.0226499135329568
 RNAP	 RNAP	tetA	115.0	1.0	32.0	2382.336423630736	-124.41207775785445
 RNAP	 RNAP	tetA	115.0	1.0	32.0	-20.01224106316395	1.0450935756020645
 RNAP	 RNAP	tetA	115.0	1.0	32.0		
 RNAP	 RNAP	tetA	115.0	1.0	32.0		
 RNAP	 RNAP	tetA	115.0	1.0	32.0		
 RNAP	 RNAP	tetA	115.0	1.0	32.0	-18.72848383360287	0.978052286772273
 RNAP	 RNAP	tetA	115.0	1.0	32.0	-24.087867366996004	1.2579338493747938
 RNAP	 RNAP	tetA	115.0	1.0	32.0		
 RNAP	 RNAP	tetA	115.0	1.0	32.0	0.05380918103735315	-0.0028100615634726583
 RNAP	 RNAP	tetA	115.0	1.0	32.0	68.82689612066889	0.04007612464125677
origin	ori	ori	3085.0	0.0	100.0	-0.8888828694175376	-0.02395864639070714
NAP	lacI	lac1	3167.0	0.0	20.0	3086.5659563332397	4.820601313888581
 RNAP	 RNAP	mKalama1	4237.0	-1.0	32.0	-599.0240849268353	31.282664485801686
 RNAP	 RNAP	mKalama1	4237.0	-1.0	32.0	-95.7690205191949	5.001318331635616
 RNAP	 RNAP	mKalama1	4237.0	-1.0	32.0	-252.0200265612721	13.161170198326896
 RNAP	 RNAP	mKalama1	4237.0	-1.0	32.0	-444.77715610763426	23.22747097416558
 RNAP	 RNAP	mKalama1	4237.0	-1.0	32.0	-428.0075023662808	22.351714114409425
 RNAP	 RNAP	mKalama1	4237.0	-1.0	32.0	-88.52609455603266	4.623073068210556
 RNAP	 RNAP	mKalama1	4237.0	-1.0	32.0		
 RNAP	 RNAP	mKalama1	4237.0	-1.0	32.0	-370.2183015742822	19.33380511080146
 RNAP	 RNAP	mKalama1	4237.0	-1.0	32.0	-81.46827406483932	4.254494515223017
 RNAP	 RNAP	mKalama1	4237.0	-1.0	32.0	-269.8751517980809	14.093613327392871
 RNAP	 RNAP	mKalama1	4237.0	-1.0	32.0		
 RNAP	 RNAP	mKalama1	4237.0	-1.0	32.0		
 RNAP	 RNAP	mKalama1	4237.0	-1.0	32.0	-519.0912838974272	27.108356542376125
 RNAP	 RNAP	mKalama1	4237.0	-1.0	32.0	-584.2988168976682	30.513670999878332
 RNAP	 RNAP	mKalama1	4237.0	-1.0	32.0	-562.5604786634307	29.378435942437218
 RNAP	 RNAP	mKalama1	4237.0	-1.0	32.0	-72.1931418404964	3.7701219219724367
 RNAP	 RNAP	mKalama1	4237.0	-1.0	32.0		
 RNAP	 RNAP	mKalama1	4237.0	-1.0	32.0		
NAP	lacI	lac2	4371.0	0.0	20.0	-3393.59879235997	-48.06045964478937
 RNAP	 RNAP	Raspberry	4521.0	1.0	32.0	1.2025131261081208	-0.06279850111270152
 RNAP	 RNAP	Raspberry	4521.0	1.0	32.0	0.17008227007597232	-0.008882158036133073
 RNAP	 RNAP	Raspberry	4521.0	1.0	32.0	-73.46156939659288	3.8363626536230817
 RNAP	 RNAP	Raspberry	4521.0	1.0	32.0	0.4211661283174553	-0.02199443898244638
 RNAP	 RNAP	Raspberry	4521.0	1.0	32.0	-1.1256789532374543	0.05878601194667622
 RNAP	 RNAP	Raspberry	4521.0	1.0	32.0	-1.121033900418456	0.05854343467388877
 RNAP	 RNAP	Raspberry	4521.0	1.0	32.0	-1.2846764205166734	0.06708929147774141
 RNAP	 RNAP	Raspberry	4521.0	1.0	32.0	-5.602880318024312	0.29259762596067274
 RNAP	 RNAP	Raspberry	4521.0	1.0	32.0	0.24210280557537858	0.000484532349172748
EXT	EXT_R		5356.0	0.0	0.0	0.0	0.0
