test,loss,k_on,width,threshold,gamma,kappa,velocity,stall_torque
0,1.151706707221055,0.07691678673092872,0.009324615345329726,-0.06702464541055266,0.05,0.5,30.0,12.0
1,0.1964995965936571,0.025099531055506073,0.009324615345329726,-0.06702464541055266,0.05,0.5,30.0,12.0
2,0.2510876330924122,0.13241295894291918,0.009324615345329726,-0.06702464541055266,0.05,0.5,30.0,12.0
3,0.32631356819132584,0.010670662782676572,0.009324615345329726,-0.06702464541055266,0.05,0.5,30.0,12.0
4,0.7687986657686922,0.048177141291566146,0.009324615345329726,-0.06702464541055266,0.05,0.5,30.0,12.0
5,0.30895422672293593,0.19593315283498472,0.009324615345329726,-0.06702464541055266,0.05,0.5,30.0,12.0
6,0.32339239187184166,0.05247196718005778,0.009324615345329726,-0.06702464541055266,0.05,0.5,30.0,12.0
7,2.075706414774859,0.14365332919513168,0.009324615345329726,-0.06702464541055266,0.05,0.5,30.0,12.0
8,2.5833479856906796,0.08215617298650342,0.009324615345329726,-0.06702464541055266,0.05,0.5,30.0,12.0
9,0.6959294011007973,0.1002587335744989,0.009324615345329726,-0.06702464541055266,0.05,0.5,30.0,12.0
10,0.12164931664925199,0.0964598124245104,0.009324615345329726,-0.06702464541055266,0.05,0.5,30.0,12.0
11,1.012388968716524,0.1421140331918176,0.009324615345329726,-0.06702464541055266,0.05,0.5,30.0,12.0
12,0.3035966742882739,0.020972242929106606,0.009324615345329726,-0.06702464541055266,0.05,0.5,30.0,12.0
13,0.22732325875209783,0.018348594356484185,0.009324615345329726,-0.06702464541055266,0.05,0.5,30.0,12.0
14,0.4087915135701586,0.1017314913263181,0.009324615345329726,-0.06702464541055266,0.05,0.5,30.0,12.0
15,0.9353383571631622,0.08750462829504971,0.009324615345329726,-0.06702464541055266,0.05,0.5,30.0,12.0
16,0.415611833123049,0.10966784135931239,0.009324615345329726,-0.06702464541055266,0.05,0.5,30.0,12.0
17,0.5238980729295923,0.044274588985204026,0.009324615345329726,-0.06702464541055266,0.05,0.5,30.0,12.0
18,0.9465542383988054,0.11123526299602422,0.009324615345329726,-0.06702464541055266,0.05,0.5,30.0,12.0
19,0.6111141837174574,0.1812815010299306,0.009324615345329726,-0.06702464541055266,0.05,0.5,30.0,12.0
20,0.3347033807665536,0.16636576478065093,0.009324615345329726,-0.06702464541055266,0.05,0.5,30.0,12.0
21,0.3970489508330206,0.06316533066995214,0.009324615345329726,-0.06702464541055266,0.05,0.5,30.0,12.0
22,0.36369391302165355,0.033176272313164626,0.009324615345329726,-0.06702464541055266,0.05,0.5,30.0,12.0
23,0.3245710287916299,0.06583111851897161,0.009324615345329726,-0.06702464541055266,0.05,0.5,30.0,12.0
24,0.4593726390250765,0.0032696002782857253,0.009324615345329726,-0.06702464541055266,0.05,0.5,30.0,12.0
25,0.35219552235814744,0.12545488943444202,0.009324615345329726,-0.06702464541055266,0.05,0.5,30.0,12.0
26,0.13001389442987146,0.03346662348289029,0.009324615345329726,-0.06702464541055266,0.05,0.5,30.0,12.0
27,0.17585383533365076,0.037964627375450095,0.009324615345329726,-0.06702464541055266,0.05,0.5,30.0,12.0
28,0.837844299763488,0.07273442025743923,0.009324615345329726,-0.06702464541055266,0.05,0.5,30.0,12.0
29,0.44787850619805947,0.168778741882044,0.009324615345329726,-0.06702464541055266,0.05,0.5,30.0,12.0
30,1.4794286607000007,0.002379751770361385,0.009324615345329726,-0.06702464541055266,0.05,0.5,30.0,12.0
31,0.30476979538909194,0.09254246562505257,0.009324615345329726,-0.06702464541055266,0.05,0.5,30.0,12.0
32,0.27723525241772784,0.12210862089212363,0.009324615345329726,-0.06702464541055266,0.05,0.5,30.0,12.0
33,0.2718147466401486,0.15001842973878782,0.009324615345329726,-0.06702464541055266,0.05,0.5,30.0,12.0
34,0.5037413465438294,0.056395328719762675,0.009324615345329726,-0.06702464541055266,0.05,0.5,30.0,12.0
35,0.6080586000958551,0.07234654045055408,0.009324615345329726,-0.06702464541055266,0.05,0.5,30.0,12.0
36,0.2454829604750408,0.19645655657927935,0.009324615345329726,-0.06702464541055266,0.05,0.5,30.0,12.0
37,0.7126722405622361,0.012849305781219414,0.009324615345329726,-0.06702464541055266,0.05,0.5,30.0,12.0
38,0.2791092023869501,0.02852585211469665,0.009324615345329726,-0.06702464541055266,0.05,0.5,30.0,12.0
39,0.24140662941878518,0.04318658827113384,0.009324615345329726,-0.06702464541055266,0.05,0.5,30.0,12.0
40,0.463452676678385,0.07914621973895444,0.009324615345329726,-0.06702464541055266,0.05,0.5,30.0,12.0
41,0.701380175511875,0.0559308046316765,0.009324615345329726,-0.06702464541055266,0.05,0.5,30.0,12.0
42,1.2976826785647253,0.13877898719957826,0.009324615345329726,-0.06702464541055266,0.05,0.5,30.0,12.0
43,0.8329036543878364,0.1595438406568052,0.009324615345329726,-0.06702464541055266,0.05,0.5,30.0,12.0
44,0.816142584306251,0.09483642611092438,0.009324615345329726,-0.06702464541055266,0.05,0.5,30.0,12.0
45,0.42992882673229804,0.18432957105926773,0.009324615345329726,-0.06702464541055266,0.05,0.5,30.0,12.0
46,0.33634889969683424,0.11794030655455941,0.009324615345329726,-0.06702464541055266,0.05,0.5,30.0,12.0
47,0.08531266367536233,0.1308104996200525,0.009324615345329726,-0.06702464541055266,0.05,0.5,30.0,12.0
48,0.22235323313919583,0.10651965214030756,0.009324615345329726,-0.06702464541055266,0.05,0.5,30.0,12.0
49,0.3161027646845334,0.13274748863664892,0.009324615345329726,-0.06702464541055266,0.05,0.5,30.0,12.0
50,0.26573105009332054,0.15159923002884498,0.009324615345329726,-0.06702464541055266,0.05,0.5,30.0,12.0
51,0.14218101391205198,0.13139193774044966,0.009324615345329726,-0.06702464541055266,0.05,0.5,30.0,12.0
52,3.0789772043552057,0.08407449317666493,0.009324615345329726,-0.06702464541055266,0.05,0.5,30.0,12.0
53,0.3216482513609707,0.17633700147403947,0.009324615345329726,-0.06702464541055266,0.05,0.5,30.0,12.0
54,0.29189302074518375,0.11519884294772599,0.009324615345329726,-0.06702464541055266,0.05,0.5,30.0,12.0
55,0.9201048789130707,0.10009268729357569,0.009324615345329726,-0.06702464541055266,0.05,0.5,30.0,12.0
56,0.23142031703465715,0.14807591800667919,0.009324615345329726,-0.06702464541055266,0.05,0.5,30.0,12.0
57,0.4146741908909865,0.18898773585137074,0.009324615345329726,-0.06702464541055266,0.05,0.5,30.0,12.0
58,0.3899504334483764,0.1592671094556218,0.009324615345329726,-0.06702464541055266,0.05,0.5,30.0,12.0
59,0.25750815154499296,0.12939099412100905,0.009324615345329726,-0.06702464541055266,0.05,0.5,30.0,12.0
60,2.353229745709259,0.09040023783940423,0.009324615345329726,-0.06702464541055266,0.05,0.5,30.0,12.0
61,2.745956309262818,0.13764583585404364,0.009324615345329726,-0.06702464541055266,0.05,0.5,30.0,12.0
62,0.6802278939801153,0.06619057658785797,0.009324615345329726,-0.06702464541055266,0.05,0.5,30.0,12.0
63,1.2163693516225087,0.10240784982439938,0.009324615345329726,-0.06702464541055266,0.05,0.5,30.0,12.0
64,0.36617292112750893,0.11988880363216105,0.009324615345329726,-0.06702464541055266,0.05,0.5,30.0,12.0
65,0.12954538265174925,0.021832121508535515,0.009324615345329726,-0.06702464541055266,0.05,0.5,30.0,12.0
66,0.20088843422751645,0.022520464302500265,0.009324615345329726,-0.06702464541055266,0.05,0.5,30.0,12.0
67,0.25345848537187055,0.012677877467430383,0.009324615345329726,-0.06702464541055266,0.05,0.5,30.0,12.0
68,1.3695804203460633,0.04900919031056391,0.009324615345329726,-0.06702464541055266,0.05,0.5,30.0,12.0
69,0.9058719678880245,0.17007918659044735,0.009324615345329726,-0.06702464541055266,0.05,0.5,30.0,12.0
70,0.46100500733652733,0.07427027027113228,0.009324615345329726,-0.06702464541055266,0.05,0.5,30.0,12.0
71,0.267956948320004,0.1591474380195702,0.009324615345329726,-0.06702464541055266,0.05,0.5,30.0,12.0
72,3.4878295521619878,0.11039738681575982,0.009324615345329726,-0.06702464541055266,0.05,0.5,30.0,12.0
73,0.23008769065276297,0.06307612757264494,0.009324615345329726,-0.06702464541055266,0.05,0.5,30.0,12.0
74,0.7692829205504733,0.12353809170736577,0.009324615345329726,-0.06702464541055266,0.05,0.5,30.0,12.0
75,0.7015352951584082,0.14440824238267327,0.009324615345329726,-0.06702464541055266,0.05,0.5,30.0,12.0
76,0.7139160263677315,0.007299140520702532,0.009324615345329726,-0.06702464541055266,0.05,0.5,30.0,12.0
77,1.3432401466942139,0.038692734123087796,0.009324615345329726,-0.06702464541055266,0.05,0.5,30.0,12.0
78,0.279195739737503,0.09684703862466326,0.009324615345329726,-0.06702464541055266,0.05,0.5,30.0,12.0
79,1.8830979469072844,0.0852219391610011,0.009324615345329726,-0.06702464541055266,0.05,0.5,30.0,12.0
80,0.4311601491634021,0.01757219777805595,0.009324615345329726,-0.06702464541055266,0.05,0.5,30.0,12.0
81,0.988112172448591,0.11369796552561706,0.009324615345329726,-0.06702464541055266,0.05,0.5,30.0,12.0
82,0.7530865509172443,0.10703043869434938,0.009324615345329726,-0.06702464541055266,0.05,0.5,30.0,12.0
83,0.30645670220663607,0.155436499701487,0.009324615345329726,-0.06702464541055266,0.05,0.5,30.0,12.0
84,0.41583405360931747,0.07911107659372377,0.009324615345329726,-0.06702464541055266,0.05,0.5,30.0,12.0
85,0.49128180946700967,0.1271017861245545,0.009324615345329726,-0.06702464541055266,0.05,0.5,30.0,12.0
86,0.24348051463413278,0.02869274198175336,0.009324615345329726,-0.06702464541055266,0.05,0.5,30.0,12.0
87,1.5403708839615682,0.1637742136087879,0.009324615345329726,-0.06702464541055266,0.05,0.5,30.0,12.0
88,0.5886909661606251,0.1373376039984479,0.009324615345329726,-0.06702464541055266,0.05,0.5,30.0,12.0
89,0.8488303364407567,0.058848093735609994,0.009324615345329726,-0.06702464541055266,0.05,0.5,30.0,12.0
90,0.08680286075731573,0.04834944334289763,0.009324615345329726,-0.06702464541055266,0.05,0.5,30.0,12.0
91,0.5466424531515512,0.06806587822818978,0.009324615345329726,-0.06702464541055266,0.05,0.5,30.0,12.0
92,0.7650267488218275,0.09050014938719173,0.009324615345329726,-0.06702464541055266,0.05,0.5,30.0,12.0
93,0.31665726404010447,0.048812832520800015,0.009324615345329726,-0.06702464541055266,0.05,0.5,30.0,12.0
94,1.2649299120574382,0.17303742607513956,0.009324615345329726,-0.06702464541055266,0.05,0.5,30.0,12.0
95,0.3285326655599252,0.040354345366280665,0.009324615345329726,-0.06702464541055266,0.05,0.5,30.0,12.0
96,0.45561574978388647,0.10386526507858794,0.009324615345329726,-0.06702464541055266,0.05,0.5,30.0,12.0
97,0.46053492569705123,0.052239169325908955,0.009324615345329726,-0.06702464541055266,0.05,0.5,30.0,12.0
98,0.7476201819143785,0.09677444530160312,0.009324615345329726,-0.06702464541055266,0.05,0.5,30.0,12.0
99,0.14035937146889316,0.03313279536213151,0.009324615345329726,-0.06702464541055266,0.05,0.5,30.0,12.0
100,0.2979776127826917,0.1890345393348778,0.009324615345329726,-0.06702464541055266,0.05,0.5,30.0,12.0
101,0.5508749478100674,0.11659093486332896,0.009324615345329726,-0.06702464541055266,0.05,0.5,30.0,12.0
102,0.37030706476156244,0.06918368735447122,0.009324615345329726,-0.06702464541055266,0.05,0.5,30.0,12.0
103,1.1788418792691062,0.14272002434091602,0.009324615345329726,-0.06702464541055266,0.05,0.5,30.0,12.0
104,1.7683269083684583,0.1340437424473421,0.009324615345329726,-0.06702464541055266,0.05,0.5,30.0,12.0
105,1.019582002396447,0.06035382318103304,0.009324615345329726,-0.06702464541055266,0.05,0.5,30.0,12.0
106,1.8525644354316684,0.07628056368079549,0.009324615345329726,-0.06702464541055266,0.05,0.5,30.0,12.0
107,1.9203163153509124,0.08753175177923046,0.009324615345329726,-0.06702464541055266,0.05,0.5,30.0,12.0
108,0.3911201312324458,0.12127873478574092,0.009324615345329726,-0.06702464541055266,0.05,0.5,30.0,12.0
109,0.7214099779238533,0.08113596679946417,0.009324615345329726,-0.06702464541055266,0.05,0.5,30.0,12.0
110,0.608442712552549,0.05339274199925578,0.009324615345329726,-0.06702464541055266,0.05,0.5,30.0,12.0
111,0.23966242641813823,0.19937266353103383,0.009324615345329726,-0.06702464541055266,0.05,0.5,30.0,12.0
112,0.34651802292107065,0.01681051162996624,0.009324615345329726,-0.06702464541055266,0.05,0.5,30.0,12.0
113,0.469830739722657,0.14637996899116773,0.009324615345329726,-0.06702464541055266,0.05,0.5,30.0,12.0
114,0.4046714034943036,0.15317446489962494,0.009324615345329726,-0.06702464541055266,0.05,0.5,30.0,12.0
115,1.3018420125763102,0.128138827788411,0.009324615345329726,-0.06702464541055266,0.05,0.5,30.0,12.0
116,0.8362558345687744,0.006481063133960713,0.009324615345329726,-0.06702464541055266,0.05,0.5,30.0,12.0
117,0.35512121340068026,0.044556631224619114,0.009324615345329726,-0.06702464541055266,0.05,0.5,30.0,12.0
118,5.432024274267706,0.11187812420450072,0.009324615345329726,-0.06702464541055266,0.05,0.5,30.0,12.0
119,0.3483156508222481,0.1634489643960347,0.009324615345329726,-0.06702464541055266,0.05,0.5,30.0,12.0
120,0.2239626645705631,0.10602012516333442,0.009324615345329726,-0.06702464541055266,0.05,0.5,30.0,12.0
121,0.10806176669702361,0.028174441786074603,0.009324615345329726,-0.06702464541055266,0.05,0.5,30.0,12.0
122,0.34608447112700325,0.013065853593372485,0.009324615345329726,-0.06702464541055266,0.05,0.5,30.0,12.0
123,0.1703706167544492,0.027025875131711438,0.009324615345329726,-0.06702464541055266,0.05,0.5,30.0,12.0
124,0.13303599129610846,0.03257702288545052,0.009324615345329726,-0.06702464541055266,0.05,0.5,30.0,12.0
125,0.8789871508288989,0.003746889033514597,0.009324615345329726,-0.06702464541055266,0.05,0.5,30.0,12.0
126,0.5718385738498767,0.045362622098213075,0.009324615345329726,-0.06702464541055266,0.05,0.5,30.0,12.0
127,0.04738548687391726,0.03594504854950177,0.009324615345329726,-0.06702464541055266,0.05,0.5,30.0,12.0
128,0.6666023432161076,0.03703932244769088,0.009324615345329726,-0.06702464541055266,0.05,0.5,30.0,12.0
129,2.4185350651546953,0.07111990376547575,0.009324615345329726,-0.06702464541055266,0.05,0.5,30.0,12.0
130,0.39996991837009604,0.1814948243506214,0.009324615345329726,-0.06702464541055266,0.05,0.5,30.0,12.0
131,0.2011127604357409,0.04210172595905639,0.009324615345329726,-0.06702464541055266,0.05,0.5,30.0,12.0
132,1.1228872559374974,0.06326682372044212,0.009324615345329726,-0.06702464541055266,0.05,0.5,30.0,12.0
133,0.3452825807987524,0.056651696330555744,0.009324615345329726,-0.06702464541055266,0.05,0.5,30.0,12.0
134,0.7414618703806458,0.049994105788748876,0.009324615345329726,-0.06702464541055266,0.05,0.5,30.0,12.0
135,0.3778249699946713,0.023523719176211336,0.009324615345329726,-0.06702464541055266,0.05,0.5,30.0,12.0
136,0.4969358903214306,0.010385353614449783,0.009324615345329726,-0.06702464541055266,0.05,0.5,30.0,12.0
137,0.6740750248404986,0.09220326317869976,0.009324615345329726,-0.06702464541055266,0.05,0.5,30.0,12.0
138,0.3925489935899976,0.10054140205961747,0.009324615345329726,-0.06702464541055266,0.05,0.5,30.0,12.0
139,1.3207475921051324,0.08505873125682151,0.009324615345329726,-0.06702464541055266,0.05,0.5,30.0,12.0
140,0.4885705347445563,0.07587491422908932,0.009324615345329726,-0.06702464541055266,0.05,0.5,30.0,12.0
141,0.10735847068358198,0.03718370859609127,0.009324615345329726,-0.06702464541055266,0.05,0.5,30.0,12.0
142,0.3936318007949392,0.01825911156197287,0.009324615345329726,-0.06702464541055266,0.05,0.5,30.0,12.0
143,0.22550120622374775,0.13721175456932583,0.009324615345329726,-0.06702464541055266,0.05,0.5,30.0,12.0
144,0.9078993010985748,0.17681159189522744,0.009324615345329726,-0.06702464541055266,0.05,0.5,30.0,12.0
145,0.047817669289516,0.03241992801676072,0.009324615345329726,-0.06702464541055266,0.05,0.5,30.0,12.0
146,0.22815514092628264,0.029549305717531355,0.009324615345329726,-0.06702464541055266,0.05,0.5,30.0,12.0
147,0.9119972113490864,0.0031603783946991156,0.009324615345329726,-0.06702464541055266,0.05,0.5,30.0,12.0
148,0.3375141085281845,0.015384300018103963,0.009324615345329726,-0.06702464541055266,0.05,0.5,30.0,12.0
149,0.3079725137074735,0.046465995627429195,0.009324615345329726,-0.06702464541055266,0.05,0.5,30.0,12.0
150,0.3392965025143158,0.020087267835377225,0.009324615345329726,-0.06702464541055266,0.05,0.5,30.0,12.0
151,0.3048700669293353,0.06404301072470858,0.009324615345329726,-0.06702464541055266,0.05,0.5,30.0,12.0
152,0.8335335706215632,0.053336484873884815,0.009324615345329726,-0.06702464541055266,0.05,0.5,30.0,12.0
153,0.8189725402550873,0.008440980166787349,0.009324615345329726,-0.06702464541055266,0.05,0.5,30.0,12.0
154,0.17699973544112854,0.024206632060209246,0.009324615345329726,-0.06702464541055266,0.05,0.5,30.0,12.0
155,0.16031836885228684,0.03424168799548033,0.009324615345329726,-0.06702464541055266,0.05,0.5,30.0,12.0
156,0.19524184984026538,0.031016877235717534,0.009324615345329726,-0.06702464541055266,0.05,0.5,30.0,12.0
157,0.21199794876374706,0.059438236235747,0.009324615345329726,-0.06702464541055266,0.05,0.5,30.0,12.0
158,0.3069733657077085,0.03930241429220549,0.009324615345329726,-0.06702464541055266,0.05,0.5,30.0,12.0
159,0.2006554643278948,0.12403470822453837,0.009324615345329726,-0.06702464541055266,0.05,0.5,30.0,12.0
160,0.5427420829383769,0.08035261072590591,0.009324615345329726,-0.06702464541055266,0.05,0.5,30.0,12.0
161,0.21423867924584597,0.06828760665201354,0.009324615345329726,-0.06702464541055266,0.05,0.5,30.0,12.0
162,0.5100714570276099,0.0023859322219370385,0.009324615345329726,-0.06702464541055266,0.05,0.5,30.0,12.0
163,0.11882711211672736,0.025121542999029675,0.009324615345329726,-0.06702464541055266,0.05,0.5,30.0,12.0
164,0.4404299751736511,0.0487821339341644,0.009324615345329726,-0.06702464541055266,0.05,0.5,30.0,12.0
165,0.3817954919195139,0.055680593146035254,0.009324615345329726,-0.06702464541055266,0.05,0.5,30.0,12.0
166,3.4656867386461077,0.11872582850238385,0.009324615345329726,-0.06702464541055266,0.05,0.5,30.0,12.0
167,0.2777269567195542,0.04181649468268517,0.009324615345329726,-0.06702464541055266,0.05,0.5,30.0,12.0
168,0.20642676776305077,0.03513603409776833,0.009324615345329726,-0.06702464541055266,0.05,0.5,30.0,12.0
169,0.43185867622211166,0.1492640829312264,0.009324615345329726,-0.06702464541055266,0.05,0.5,30.0,12.0
170,0.8396646501435919,0.07253369825343875,0.009324615345329726,-0.06702464541055266,0.05,0.5,30.0,12.0
171,1.5395500669745326,0.08854776111434717,0.009324615345329726,-0.06702464541055266,0.05,0.5,30.0,12.0
172,0.4819799042805491,0.09492830134048884,0.009324615345329726,-0.06702464541055266,0.05,0.5,30.0,12.0
173,0.32771113991832246,0.014915130976763738,0.009324615345329726,-0.06702464541055266,0.05,0.5,30.0,12.0
174,0.2514746070352314,0.020869225150566828,0.009324615345329726,-0.06702464541055266,0.05,0.5,30.0,12.0
175,0.6244273855229673,0.13273987179581126,0.009324615345329726,-0.06702464541055266,0.05,0.5,30.0,12.0
176,0.10791798947709336,0.060142806138919674,0.009324615345329726,-0.06702464541055266,0.05,0.5,30.0,12.0
177,0.3529103978059841,0.14196531823595007,0.009324615345329726,-0.06702464541055266,0.05,0.5,30.0,12.0
178,0.640861968603163,0.05159263862908342,0.009324615345329726,-0.06702464541055266,0.05,0.5,30.0,12.0
179,1.2205761056392916,0.10856633382690173,0.009324615345329726,-0.06702464541055266,0.05,0.5,30.0,12.0
180,0.3069315077143442,0.010636172188929732,0.009324615345329726,-0.06702464541055266,0.05,0.5,30.0,12.0
181,0.517188596757606,0.045161445077628946,0.009324615345329726,-0.06702464541055266,0.05,0.5,30.0,12.0
182,0.2730587970379552,0.08189843291618032,0.009324615345329726,-0.06702464541055266,0.05,0.5,30.0,12.0
183,4.432696920256677,0.15703874200642348,0.009324615345329726,-0.06702464541055266,0.05,0.5,30.0,12.0
184,0.6983948910697523,0.16495798880112028,0.009324615345329726,-0.06702464541055266,0.05,0.5,30.0,12.0
185,0.42735696887115543,0.11219201254746462,0.009324615345329726,-0.06702464541055266,0.05,0.5,30.0,12.0
186,0.2889716540861538,0.09910580811005196,0.009324615345329726,-0.06702464541055266,0.05,0.5,30.0,12.0
187,0.5903962251859411,0.005159521390564869,0.009324615345329726,-0.06702464541055266,0.05,0.5,30.0,12.0
188,0.31460176686966224,0.19203567843045555,0.009324615345329726,-0.06702464541055266,0.05,0.5,30.0,12.0
189,0.8285410432014635,0.07758554538255133,0.009324615345329726,-0.06702464541055266,0.05,0.5,30.0,12.0
190,0.09551607370679398,0.06414159195674088,0.009324615345329726,-0.06702464541055266,0.05,0.5,30.0,12.0
191,0.290830418680482,0.02928464204697821,0.009324615345329726,-0.06702464541055266,0.05,0.5,30.0,12.0
192,0.23843945857677343,0.04037556836596174,0.009324615345329726,-0.06702464541055266,0.05,0.5,30.0,12.0
193,0.38828781432290593,0.15317131046121868,0.009324615345329726,-0.06702464541055266,0.05,0.5,30.0,12.0
194,3.444579369982469,0.12781562754955936,0.009324615345329726,-0.06702464541055266,0.05,0.5,30.0,12.0
195,0.7612059975148808,0.11532460952647733,0.009324615345329726,-0.06702464541055266,0.05,0.5,30.0,12.0
196,0.6089688348987583,0.06835742023728321,0.009324615345329726,-0.06702464541055266,0.05,0.5,30.0,12.0
197,0.217247814320751,0.018556972622705656,0.009324615345329726,-0.06702464541055266,0.05,0.5,30.0,12.0
198,1.0378478817271894,0.14035630126493304,0.009324615345329726,-0.06702464541055266,0.05,0.5,30.0,12.0
199,0.3563243582017037,0.10387750643392948,0.009324615345329726,-0.06702464541055266,0.05,0.5,30.0,12.0
200,0.14762136319008975,0.025679127568012258,0.009324615345329726,-0.06702464541055266,0.05,0.5,30.0,12.0
201,0.10498325405986074,0.03305979522548683,0.009324615345329726,-0.06702464541055266,0.05,0.5,30.0,12.0
202,0.2822557017964634,0.05556613614230511,0.009324615345329726,-0.06702464541055266,0.05,0.5,30.0,12.0
203,0.29152154918224127,0.13541668638053905,0.009324615345329726,-0.06702464541055266,0.05,0.5,30.0,12.0
204,0.2650424037181894,0.047680591780282555,0.009324615345329726,-0.06702464541055266,0.05,0.5,30.0,12.0
205,0.13272140065814292,0.03654373241332772,0.009324615345329726,-0.06702464541055266,0.05,0.5,30.0,12.0
206,0.40569503449881167,0.17377416929313896,0.009324615345329726,-0.06702464541055266,0.05,0.5,30.0,12.0
207,0.5666035918405549,0.08571224163362315,0.009324615345329726,-0.06702464541055266,0.05,0.5,30.0,12.0
208,0.30428517251435944,0.010482489457407856,0.009324615345329726,-0.06702464541055266,0.05,0.5,30.0,12.0
209,1.2256443940803754,0.07452284952003668,0.009324615345329726,-0.06702464541055266,0.05,0.5,30.0,12.0
210,0.333635850701132,0.09126563682000502,0.009324615345329726,-0.06702464541055266,0.05,0.5,30.0,12.0
211,0.2454627040415314,0.12403224701148512,0.009324615345329726,-0.06702464541055266,0.05,0.5,30.0,12.0
212,0.26241988094590774,0.015374798076259428,0.009324615345329726,-0.06702464541055266,0.05,0.5,30.0,12.0
213,0.20625139000232648,0.041400230593610546,0.009324615345329726,-0.06702464541055266,0.05,0.5,30.0,12.0
214,0.3178092156908348,0.1471161158463138,0.009324615345329726,-0.06702464541055266,0.05,0.5,30.0,12.0
215,0.2091779154352032,0.020759600884403488,0.009324615345329726,-0.06702464541055266,0.05,0.5,30.0,12.0
216,0.6638306011819384,0.06165446311156689,0.009324615345329726,-0.06702464541055266,0.05,0.5,30.0,12.0
217,1.794240266925522,0.11994100395783631,0.009324615345329726,-0.06702464541055266,0.05,0.5,30.0,12.0
218,0.6830541247171769,0.06706922459432135,0.009324615345329726,-0.06702464541055266,0.05,0.5,30.0,12.0
219,0.3157214603410426,0.13134300168988466,0.009324615345329726,-0.06702464541055266,0.05,0.5,30.0,12.0
220,0.26787818516660744,0.05491454456726958,0.009324615345329726,-0.06702464541055266,0.05,0.5,30.0,12.0
221,0.25228869687723,0.049798616092556564,0.009324615345329726,-0.06702464541055266,0.05,0.5,30.0,12.0
222,0.45690802419679555,0.006448618412552558,0.009324615345329726,-0.06702464541055266,0.05,0.5,30.0,12.0
223,0.23898293509756857,0.16193172770011274,0.009324615345329726,-0.06702464541055266,0.05,0.5,30.0,12.0
224,0.7342665871774423,0.07170644195872042,0.009324615345329726,-0.06702464541055266,0.05,0.5,30.0,12.0
225,0.2929169464126549,0.16726994236149173,0.009324615345329726,-0.06702464541055266,0.05,0.5,30.0,12.0
226,0.10087414496596253,0.044405165558221,0.009324615345329726,-0.06702464541055266,0.05,0.5,30.0,12.0
227,1.647553960440454,0.1078868920462111,0.009324615345329726,-0.06702464541055266,0.05,0.5,30.0,12.0
228,0.154122037296485,0.027965484995501413,0.009324615345329726,-0.06702464541055266,0.05,0.5,30.0,12.0
229,0.3018460650613125,0.18316561424694666,0.009324615345329726,-0.06702464541055266,0.05,0.5,30.0,12.0
230,0.8560591575369497,0.09651813786518058,0.009324615345329726,-0.06702464541055266,0.05,0.5,30.0,12.0
231,0.43943037819165015,0.05864618199995393,0.009324615345329726,-0.06702464541055266,0.05,0.5,30.0,12.0
232,0.31199646001048176,0.022673645458552598,0.009324615345329726,-0.06702464541055266,0.05,0.5,30.0,12.0
233,0.45102498721096007,0.013412731200639169,0.009324615345329726,-0.06702464541055266,0.05,0.5,30.0,12.0
234,0.10499920919331421,0.03258918397189962,0.009324615345329726,-0.06702464541055266,0.05,0.5,30.0,12.0
235,0.13580140988183653,0.038663526046071664,0.009324615345329726,-0.06702464541055266,0.05,0.5,30.0,12.0
236,0.4699349533252066,0.0027013343364800935,0.009324615345329726,-0.06702464541055266,0.05,0.5,30.0,12.0
237,0.37732886308381175,0.07701532299596081,0.009324615345329726,-0.06702464541055266,0.05,0.5,30.0,12.0
238,1.4797914626365094,0.08239860753427562,0.009324615345329726,-0.06702464541055266,0.05,0.5,30.0,12.0
239,0.5758139265461107,0.1440814573062529,0.009324615345329726,-0.06702464541055266,0.05,0.5,30.0,12.0
240,0.3193416495958192,0.11560526169708321,0.009324615345329726,-0.06702464541055266,0.05,0.5,30.0,12.0
241,2.0361926875347476,0.09996015069039374,0.009324615345329726,-0.06702464541055266,0.05,0.5,30.0,12.0
242,1.5397603628400067,0.06497530550884462,0.009324615345329726,-0.06702464541055266,0.05,0.5,30.0,12.0
243,0.13702520192735157,0.02577951135717288,0.009324615345329726,-0.06702464541055266,0.05,0.5,30.0,12.0
244,0.16876950851155667,0.036504841339606235,0.009324615345329726,-0.06702464541055266,0.05,0.5,30.0,12.0
245,0.3513183980144356,0.05177739708704233,0.009324615345329726,-0.06702464541055266,0.05,0.5,30.0,12.0
246,0.4624238083288723,0.009495697773535098,0.009324615345329726,-0.06702464541055266,0.05,0.5,30.0,12.0
247,0.5000759816079973,0.10433255190764967,0.009324615345329726,-0.06702464541055266,0.05,0.5,30.0,12.0
248,0.29675278520775017,0.08779761864464682,0.009324615345329726,-0.06702464541055266,0.05,0.5,30.0,12.0
249,0.13563526594665568,0.03078709245596347,0.009324615345329726,-0.06702464541055266,0.05,0.5,30.0,12.0
250,1.013290628169346,0.002059152043572942,0.009324615345329726,-0.06702464541055266,0.05,0.5,30.0,12.0
251,1.131033518572507,0.15581453263735356,0.009324615345329726,-0.06702464541055266,0.05,0.5,30.0,12.0
252,0.16867216192188622,0.04623018692560144,0.009324615345329726,-0.06702464541055266,0.05,0.5,30.0,12.0
253,1.1279252527650736,0.09275508912511381,0.009324615345329726,-0.06702464541055266,0.05,0.5,30.0,12.0
254,0.8271140111322128,0.12786270658220883,0.009324615345329726,-0.06702464541055266,0.05,0.5,30.0,12.0
255,0.25652415606128487,0.17098358761276944,0.009324615345329726,-0.06702464541055266,0.05,0.5,30.0,12.0
256,0.2704450212704977,0.017401183325733656,0.009324615345329726,-0.06702464541055266,0.05,0.5,30.0,12.0
257,0.8069025245096202,0.05843120126299126,0.009324615345329726,-0.06702464541055266,0.05,0.5,30.0,12.0
258,0.16390330202227774,0.06319249542772527,0.009324615345329726,-0.06702464541055266,0.05,0.5,30.0,12.0
259,0.11443738404693206,0.04362347644049074,0.009324615345329726,-0.06702464541055266,0.05,0.5,30.0,12.0
260,0.5276473965461921,0.05176290830346087,0.009324615345329726,-0.06702464541055266,0.05,0.5,30.0,12.0
261,0.7737224724380022,0.04157726612298594,0.009324615345329726,-0.06702464541055266,0.05,0.5,30.0,12.0
262,0.5675190016455469,0.07250858083852492,0.009324615345329726,-0.06702464541055266,0.05,0.5,30.0,12.0
263,2.954928866864689,0.06612769093722845,0.009324615345329726,-0.06702464541055266,0.05,0.5,30.0,12.0
264,0.2795275718378842,0.03402328544911983,0.009324615345329726,-0.06702464541055266,0.05,0.5,30.0,12.0
265,0.427363421919329,0.04758294381899395,0.009324615345329726,-0.06702464541055266,0.05,0.5,30.0,12.0
266,0.8922875343801446,0.05734717186545431,0.009324615345329726,-0.06702464541055266,0.05,0.5,30.0,12.0
267,0.46717236018374647,0.08047418786363286,0.009324615345329726,-0.06702464541055266,0.05,0.5,30.0,12.0
268,0.26391933485320335,0.06176067129939848,0.009324615345329726,-0.06702464541055266,0.05,0.5,30.0,12.0
269,0.6956590766900812,0.06980149655615278,0.009324615345329726,-0.06702464541055266,0.05,0.5,30.0,12.0
270,1.0365939636907249,0.05413715685181371,0.009324615345329726,-0.06702464541055266,0.05,0.5,30.0,12.0
271,0.3403777219815731,0.027485367816666186,0.009324615345329726,-0.06702464541055266,0.05,0.5,30.0,12.0
272,0.198090180406162,0.038992925748662574,0.009324615345329726,-0.06702464541055266,0.05,0.5,30.0,12.0
273,0.2780920962865025,0.023221374899481,0.009324615345329726,-0.06702464541055266,0.05,0.5,30.0,12.0
274,0.3642161035995876,0.049049555556263606,0.009324615345329726,-0.06702464541055266,0.05,0.5,30.0,12.0
275,0.1763134563569183,0.030864926263222348,0.009324615345329726,-0.06702464541055266,0.05,0.5,30.0,12.0
276,0.2625681081847683,0.02095802207814039,0.009324615345329726,-0.06702464541055266,0.05,0.5,30.0,12.0
277,0.967293079465593,0.0759439612669236,0.009324615345329726,-0.06702464541055266,0.05,0.5,30.0,12.0
278,0.264799872366174,0.0370743821530213,0.009324615345329726,-0.06702464541055266,0.05,0.5,30.0,12.0
279,0.2997425865635108,0.08460587560466834,0.009324615345329726,-0.06702464541055266,0.05,0.5,30.0,12.0
280,1.9713925413065838,0.11166403378687229,0.009324615345329726,-0.06702464541055266,0.05,0.5,30.0,12.0
281,0.227265898216239,0.01493451033967183,0.009324615345329726,-0.06702464541055266,0.05,0.5,30.0,12.0
282,0.5498212856879756,0.14981353399027125,0.009324615345329726,-0.06702464541055266,0.05,0.5,30.0,12.0
283,0.7598596978197516,0.041556858243503504,0.009324615345329726,-0.06702464541055266,0.05,0.5,30.0,12.0
284,1.1962496663956075,0.0455144381771676,0.009324615345329726,-0.06702464541055266,0.05,0.5,30.0,12.0
285,0.36333291201520485,0.06435732493434285,0.009324615345329726,-0.06702464541055266,0.05,0.5,30.0,12.0
286,0.218145918461032,0.05546520913059268,0.009324615345329726,-0.06702464541055266,0.05,0.5,30.0,12.0
287,0.9604268529946407,0.1379171667940825,0.009324615345329726,-0.06702464541055266,0.05,0.5,30.0,12.0
288,0.09197892542055294,0.03465229948885368,0.009324615345329726,-0.06702464541055266,0.05,0.5,30.0,12.0
289,0.4887498935427731,0.011507170193226175,0.009324615345329726,-0.06702464541055266,0.05,0.5,30.0,12.0
290,0.14783209003536893,0.02509223315411766,0.009324615345329726,-0.06702464541055266,0.05,0.5,30.0,12.0
291,0.08128300303216507,0.035226786273250016,0.009324615345329726,-0.06702464541055266,0.05,0.5,30.0,12.0
292,0.30136147200612873,0.019630157379834468,0.009324615345329726,-0.06702464541055266,0.05,0.5,30.0,12.0
293,0.4991246168772099,0.007967740147977725,0.009324615345329726,-0.06702464541055266,0.05,0.5,30.0,12.0
294,0.25766757747173347,0.12130142227597124,0.009324615345329726,-0.06702464541055266,0.05,0.5,30.0,12.0
295,0.1413646147924159,0.027395547684438182,0.009324615345329726,-0.06702464541055266,0.05,0.5,30.0,12.0
296,0.22261415808789092,0.03174090191790181,0.009324615345329726,-0.06702464541055266,0.05,0.5,30.0,12.0
297,0.6446281163358147,0.0022503022447602494,0.009324615345329726,-0.06702464541055266,0.05,0.5,30.0,12.0
298,0.2742207724275325,0.0169481836127403,0.009324615345329726,-0.06702464541055266,0.05,0.5,30.0,12.0
299,0.8350271931504747,0.13099121693246196,0.009324615345329726,-0.06702464541055266,0.05,0.5,30.0,12.0
300,0.7180065520653697,0.011607015961883044,0.009324615345329726,-0.06702464541055266,0.05,0.5,30.0,12.0
301,0.5310075293334744,0.007472506850963248,0.009324615345329726,-0.06702464541055266,0.05,0.5,30.0,12.0
302,0.3799481733013332,0.022261508789386927,0.009324615345329726,-0.06702464541055266,0.05,0.5,30.0,12.0
303,0.7138894162755496,0.03776773607837296,0.009324615345329726,-0.06702464541055266,0.05,0.5,30.0,12.0
304,0.17436638237493834,0.049637209653872055,0.009324615345329726,-0.06702464541055266,0.05,0.5,30.0,12.0
305,0.6061281502213939,0.03050375271231231,0.009324615345329726,-0.06702464541055266,0.05,0.5,30.0,12.0
306,0.3264527139415578,0.1762558621654028,0.009324615345329726,-0.06702464541055266,0.05,0.5,30.0,12.0
307,4.062292333867958,0.04516090292193761,0.009324615345329726,-0.06702464541055266,0.05,0.5,30.0,12.0
308,0.8198045317073529,0.005603050473802655,0.009324615345329726,-0.06702464541055266,0.05,0.5,30.0,12.0
309,0.43524294754612064,0.05925758159694727,0.009324615345329726,-0.06702464541055266,0.05,0.5,30.0,12.0
310,1.7621093920472852,0.04228891717064804,0.009324615345329726,-0.06702464541055266,0.05,0.5,30.0,12.0
311,0.47773398776225484,0.014371334138623959,0.009324615345329726,-0.06702464541055266,0.05,0.5,30.0,12.0
312,2.015874980083904,0.05286137439036746,0.009324615345329726,-0.06702464541055266,0.05,0.5,30.0,12.0
313,1.0415419719701466,0.11740925234477241,0.009324615345329726,-0.06702464541055266,0.05,0.5,30.0,12.0
314,0.21347909071397134,0.035028904842313704,0.009324615345329726,-0.06702464541055266,0.05,0.5,30.0,12.0
315,0.41324284807522194,0.017917943907934962,0.009324615345329726,-0.06702464541055266,0.05,0.5,30.0,12.0
316,0.31202545630834594,0.09728325582817983,0.009324615345329726,-0.06702464541055266,0.05,0.5,30.0,12.0
317,0.5908369774522434,0.12613711660959476,0.009324615345329726,-0.06702464541055266,0.05,0.5,30.0,12.0
318,0.35536112388845004,0.02462800121586366,0.009324615345329726,-0.06702464541055266,0.05,0.5,30.0,12.0
319,0.24868775797561843,0.14082466111212816,0.009324615345329726,-0.06702464541055266,0.05,0.5,30.0,12.0
320,0.168429146586507,0.13404101510717098,0.009324615345329726,-0.06702464541055266,0.05,0.5,30.0,12.0
321,0.3451102659002076,0.07057398927514684,0.009324615345329726,-0.06702464541055266,0.05,0.5,30.0,12.0
322,0.2776283953552271,0.14557693791986592,0.009324615345329726,-0.06702464541055266,0.05,0.5,30.0,12.0
323,0.09716799576823905,0.028587887531123228,0.009324615345329726,-0.06702464541055266,0.05,0.5,30.0,12.0
324,0.4744582631048271,0.10277589551204191,0.009324615345329726,-0.06702464541055266,0.05,0.5,30.0,12.0
325,2.2619420672635404,0.1887309233972354,0.009324615345329726,-0.06702464541055266,0.05,0.5,30.0,12.0
326,0.693400230645747,0.04007651030400597,0.009324615345329726,-0.06702464541055266,0.05,0.5,30.0,12.0
327,0.49502163777552877,0.1082868952843094,0.009324615345329726,-0.06702464541055266,0.05,0.5,30.0,12.0
328,0.43074729339397,0.0777542615719187,0.009324615345329726,-0.06702464541055266,0.05,0.5,30.0,12.0
329,0.28730341039976165,0.160316338527788,0.009324615345329726,-0.06702464541055266,0.05,0.5,30.0,12.0
330,2.2102285872560357,0.050672136328745,0.009324615345329726,-0.06702464541055266,0.05,0.5,30.0,12.0
331,1.8299700296567212,0.15242549515101583,0.009324615345329726,-0.06702464541055266,0.05,0.5,30.0,12.0
332,0.3490789325404135,0.09225862818168357,0.009324615345329726,-0.06702464541055266,0.05,0.5,30.0,12.0
333,0.4406882412846323,0.06764267611820207,0.009324615345329726,-0.06702464541055266,0.05,0.5,30.0,12.0
334,0.35976626659180405,0.06019758026181659,0.009324615345329726,-0.06702464541055266,0.05,0.5,30.0,12.0
335,0.26614928916683217,0.03478880143056155,0.009324615345329726,-0.06702464541055266,0.05,0.5,30.0,12.0
336,0.36058585853023983,0.019905451771440853,0.009324615345329726,-0.06702464541055266,0.05,0.5,30.0,12.0
337,0.5901162551300257,0.05629277363118575,0.009324615345329726,-0.06702464541055266,0.05,0.5,30.0,12.0
338,0.35377587176364395,0.01162193013028755,0.009324615345329726,-0.06702464541055266,0.05,0.5,30.0,12.0
339,0.12124300022508384,0.04676486288475626,0.009324615345329726,-0.06702464541055266,0.05,0.5,30.0,12.0
340,0.6874665685279172,0.12321328248281724,0.009324615345329726,-0.06702464541055266,0.05,0.5,30.0,12.0
341,2.0114537797220686,0.1964626842781928,0.009324615345329726,-0.06702464541055266,0.05,0.5,30.0,12.0
342,1.0393196738927692,0.0027399768758287757,0.009324615345329726,-0.06702464541055266,0.05,0.5,30.0,12.0
343,0.41871156731593107,0.0885743960438073,0.009324615345329726,-0.06702464541055266,0.05,0.5,30.0,12.0
344,0.7135079089493701,0.07335655341919936,0.009324615345329726,-0.06702464541055266,0.05,0.5,30.0,12.0
345,0.22628613114735413,0.026351019178118898,0.009324615345329726,-0.06702464541055266,0.05,0.5,30.0,12.0
346,0.6432195921056175,0.08229001480676226,0.009324615345329726,-0.06702464541055266,0.05,0.5,30.0,12.0
347,0.20263555070150782,0.03211337961116209,0.009324615345329726,-0.06702464541055266,0.05,0.5,30.0,12.0
348,0.10596140878770682,0.042274486226300804,0.009324615345329726,-0.06702464541055266,0.05,0.5,30.0,12.0
349,0.5077335991638935,0.11471967177800489,0.009324615345329726,-0.06702464541055266,0.05,0.5,30.0,12.0
350,0.1987939667460959,0.014961414033767557,0.009324615345329726,-0.06702464541055266,0.05,0.5,30.0,12.0
351,0.21101688261194532,0.038172960939163954,0.009324615345329726,-0.06702464541055266,0.05,0.5,30.0,12.0
352,0.3335406060874331,0.022716681614937683,0.009324615345329726,-0.06702464541055266,0.05,0.5,30.0,12.0
353,0.5102756048877332,0.00701977340959789,0.009324615345329726,-0.06702464541055266,0.05,0.5,30.0,12.0
354,0.7032988583322324,0.16831277702471628,0.009324615345329726,-0.06702464541055266,0.05,0.5,30.0,12.0
355,0.6867106941539,0.05108456747865364,0.009324615345329726,-0.06702464541055266,0.05,0.5,30.0,12.0
356,0.16376370602084822,0.029820925441651366,0.009324615345329726,-0.06702464541055266,0.05,0.5,30.0,12.0
357,0.21567978061565643,0.055736909356863096,0.009324615345329726,-0.06702464541055266,0.05,0.5,30.0,12.0
358,1.2953397396354858,0.06419909264574794,0.009324615345329726,-0.06702464541055266,0.05,0.5,30.0,12.0
359,2.2816474096466677,0.043819876966965175,0.009324615345329726,-0.06702464541055266,0.05,0.5,30.0,12.0
360,0.30895005143771126,0.1367905321589908,0.009324615345329726,-0.06702464541055266,0.05,0.5,30.0,12.0
361,0.14081119196918745,0.018513561116158893,0.009324615345329726,-0.06702464541055266,0.05,0.5,30.0,12.0
362,0.13195687230700845,0.11052272977786301,0.009324615345329726,-0.06702464541055266,0.05,0.5,30.0,12.0
363,0.17319729129503592,0.03793200298735715,0.009324615345329726,-0.06702464541055266,0.05,0.5,30.0,12.0
364,0.197816446105981,0.047670386988671654,0.009324615345329726,-0.06702464541055266,0.05,0.5,30.0,12.0
365,0.36349692712745874,0.008929767187696745,0.009324615345329726,-0.06702464541055266,0.05,0.5,30.0,12.0
366,0.42798141761454067,0.06045766170797716,0.009324615345329726,-0.06702464541055266,0.05,0.5,30.0,12.0
367,0.2909274153973837,0.024148930686602975,0.009324615345329726,-0.06702464541055266,0.05,0.5,30.0,12.0
368,1.135930866865761,0.07900490296150714,0.009324615345329726,-0.06702464541055266,0.05,0.5,30.0,12.0
369,0.26417263727129897,0.09409390840626097,0.009324615345329726,-0.06702464541055266,0.05,0.5,30.0,12.0
370,0.3063908254791435,0.15613171934101974,0.009324615345329726,-0.06702464541055266,0.05,0.5,30.0,12.0
371,1.407431623082913,0.10042509421186503,0.009324615345329726,-0.06702464541055266,0.05,0.5,30.0,12.0
372,0.4621694952378263,0.033921917257922055,0.009324615345329726,-0.06702464541055266,0.05,0.5,30.0,12.0
373,0.7875223780899969,0.11852983662972533,0.009324615345329726,-0.06702464541055266,0.05,0.5,30.0,12.0
374,1.9780646790685488,0.12938185347681308,0.009324615345329726,-0.06702464541055266,0.05,0.5,30.0,12.0
375,0.3144199473585597,0.05257752373768912,0.009324615345329726,-0.06702464541055266,0.05,0.5,30.0,12.0
376,0.21996172958580984,0.14819783804027165,0.009324615345329726,-0.06702464541055266,0.05,0.5,30.0,12.0
377,0.392244118605959,0.06892927218717942,0.009324615345329726,-0.06702464541055266,0.05,0.5,30.0,12.0
378,0.36367697496447315,0.013186604586889653,0.009324615345329726,-0.06702464541055266,0.05,0.5,30.0,12.0
379,0.9152688051567865,0.002923930054213819,0.009324615345329726,-0.06702464541055266,0.05,0.5,30.0,12.0
380,0.2621968688451368,0.029087508812772424,0.009324615345329726,-0.06702464541055266,0.05,0.5,30.0,12.0
381,0.23857149554540588,0.14286939597058562,0.009324615345329726,-0.06702464541055266,0.05,0.5,30.0,12.0
382,0.27573023993069706,0.01941757962813256,0.009324615345329726,-0.06702464541055266,0.05,0.5,30.0,12.0
383,0.6550225573626203,0.07438262247306061,0.009324615345329726,-0.06702464541055266,0.05,0.5,30.0,12.0
384,0.7852442657226238,0.04113042907436284,0.009324615345329726,-0.06702464541055266,0.05,0.5,30.0,12.0
385,0.534407500805872,0.0868182182953816,0.009324615345329726,-0.06702464541055266,0.05,0.5,30.0,12.0
386,0.7670814503159291,0.04665317156823085,0.009324615345329726,-0.06702464541055266,0.05,0.5,30.0,12.0
387,0.2611139947229835,0.025878258022364944,0.009324615345329726,-0.06702464541055266,0.05,0.5,30.0,12.0
388,0.3653085529116404,0.034387518649884444,0.009324615345329726,-0.06702464541055266,0.05,0.5,30.0,12.0
389,0.5346026154491952,0.060637219785598634,0.009324615345329726,-0.06702464541055266,0.05,0.5,30.0,12.0
390,0.5009567781004578,0.1059386060939003,0.009324615345329726,-0.06702464541055266,0.05,0.5,30.0,12.0
391,0.8526076750419489,0.12491080124728114,0.009324615345329726,-0.06702464541055266,0.05,0.5,30.0,12.0
392,0.3420834492683598,0.18056928823474716,0.009324615345329726,-0.06702464541055266,0.05,0.5,30.0,12.0
393,1.1173575319037041,0.06621941725290789,0.009324615345329726,-0.06702464541055266,0.05,0.5,30.0,12.0
394,0.8189565443779888,0.005497516657037682,0.009324615345329726,-0.06702464541055266,0.05,0.5,30.0,12.0
395,0.7672245796531921,0.05484168416354986,0.009324615345329726,-0.06702464541055266,0.05,0.5,30.0,12.0
396,0.4265383702386553,0.13335266656846279,0.009324615345329726,-0.06702464541055266,0.05,0.5,30.0,12.0
397,0.7855378551388756,0.03822229333081489,0.009324615345329726,-0.06702464541055266,0.05,0.5,30.0,12.0
398,0.2666748138438904,0.044579554735917966,0.009324615345329726,-0.06702464541055266,0.05,0.5,30.0,12.0
399,0.3135190719418008,0.03133378380179326,0.009324615345329726,-0.06702464541055266,0.05,0.5,30.0,12.0
