frame,time,type,name,twist,superhelical,#enzymes,binding,unbinding
0,0.0,circuit,topos,-71.83176802607977,-0.04001333333333333,0,0,0
1,0.5,circuit,topos,-71.83176802607977,-0.04001333333333333,0,0,0
2,1.0,circuit,topos,-71.60729375099827,-0.039888291666666666,0,0,0
3,1.5,circuit,topos,-71.38398860219465,-0.03976390125279178,0,0,0
4,2.0,circuit,topos,-71.1618464277022,-0.039640158664802985,0,0,0
5,2.5,circuit,topos,-70.94086104663454,-0.03951706045968511,0,0,0
6,3.0,circuit,topos,-70.721026251279,-0.039394603179479605,0,0,0
7,3.5,circuit,topos,-70.50233580914839,-0.039272783352427475,0,0,0
8,4.0,circuit,topos,-70.28478346499092,-0.039151597494088856,0,0,0
9,4.5,circuit,topos,-70.06836294275818,-0.039031042108439315,0,0,0
10,5.0,circuit,topos,-69.8530679475311,-0.038911113688942636,0,0,0
11,5.5,circuit,topos,-69.63889216740384,-0.03879180871960028,0,0,0
12,6.0,circuit,topos,-69.42582927532571,-0.03867312367597737,0,0,0
13,6.5,circuit,topos,-69.21387293090102,-0.03855505502620529,0,0,0
14,7.0,circuit,topos,-69.00301678214714,-0.038437599231961043,0,0,0
15,7.5,circuit,topos,-68.79325446721079,-0.038320752749423224,0,0,0
16,8.0,circuit,topos,-68.58457961604277,-0.03820451203020498,0,0,0
17,8.5,circuit,topos,-68.3769858520314,-0.03808887352226386,0,0,0
18,9.0,circuit,topos,-68.17046679359477,-0.037973833670788805,0,0,0
19,9.5,circuit,topos,-67.96501605573228,-0.03785938891906438,0,0,0
20,10.0,circuit,topos,-67.7606272515356,-0.03774553570931248,0,0,0
21,10.5,circuit,topos,-67.55729399365943,-0.03763227048351158,0,0,0
22,11.0,circuit,topos,-67.35500989575254,-0.0375195896841939,0,0,0
23,11.5,circuit,topos,-67.1537685738493,-0.037407489755220534,0,0,0
24,12.0,circuit,topos,-66.95356364772219,-0.03729596714253486,0,0,0
25,12.5,circuit,topos,-66.75438874219573,-0.03718501829489447,0,0,0
26,13.0,circuit,topos,-66.55623748842228,-0.03707463966458182,0,0,0
27,13.5,circuit,topos,-66.35910352512016,-0.036964827708093916,0,0,0
28,14.0,circuit,topos,-66.16298049977452,-0.03685557888681128,0,0,0
29,14.5,circuit,topos,-65.96786206980157,-0.03674688966764644,0,0,0
30,15.0,circuit,topos,-65.77374190367661,-0.036638756523672315,0,0,0
31,15.5,circuit,topos,-65.58061368202637,-0.036531175934730674,0,0,0
32,16.0,circuit,topos,-65.3884710986863,-0.03642414438802111,0,0,0
33,16.5,circuit,topos,-65.19730786172317,-0.03631765837867066,0,0,0
34,17.0,circuit,topos,-65.0071176944238,-0.03621171441028456,0,0,0
35,17.5,circuit,topos,-64.81789433625012,-0.03610630899547831,0,0,0
36,18.0,circuit,topos,-64.62963154376159,-0.03600143865639139,0,0,0
37,18.5,circuit,topos,-64.44232309150512,-0.035897099925183105,0,0,0
38,19.0,circuit,topos,-64.25596277287333,-0.0357932893445106,0,0,0
39,19.5,circuit,topos,-64.0705444009317,-0.03569000346798963,0,0,0
40,20.0,circuit,topos,-63.88606180921505,-0.03558723886063825,0,0,0
41,20.5,circuit,topos,-63.702508852494205,-0.03548499209930386,0,0,0
42,21.0,circuit,topos,-63.51987940751315,-0.035383259773073834,0,0,0
43,21.5,circuit,topos,-63.33816737369747,-0.03528203848367017,0,0,0
44,22.0,circuit,topos,-63.157366673834595,-0.03518132484582839,0,0,0
45,22.5,circuit,topos,-62.97747125472641,-0.035081115487661095,0,0,0
46,23.0,circuit,topos,-62.79847508781489,-0.03498140705100645,0,0,0
47,23.5,circuit,topos,-62.620372169781305,-0.03488219619176197,0,0,0
48,24.0,circuit,topos,-62.44315652311956,-0.034783479580203926,0,0,0
49,24.5,circuit,topos,-62.26682219668432,-0.0346852539012926,0,0,0
50,25.0,circuit,topos,-62.09136326621442,-0.034587515854963946,0,0,0
51,25.5,circuit,topos,-61.916773834832206,-0.03449026215640766,0,0,0
52,26.0,circuit,topos,-61.743048033519294,-0.03439348953633223,0,0,0
53,26.5,circuit,topos,-61.57018002156943,-0.034297194741217216,0,0,0
54,27.0,circuit,topos,-61.39816398701887,-0.03420137453355296,0,0,0
55,27.5,circuit,topos,-61.22699414705497,-0.0341060256920682,0,0,0
56,28.0,circuit,topos,-61.056664748403406,-0.03401114501194576,0,0,0
57,28.5,circuit,topos,-60.88717006769468,-0.033916729305026753,0,0,0
58,29.0,circuit,topos,-60.718504411810365,-0.03382277540000336,0,0,0
59,29.5,circuit,topos,-60.55066211820966,-0.03372928014260084,0,0,0
60,30.0,circuit,topos,-60.38363755523676,-0.03363624039574869,0,0,0
61,30.5,circuit,topos,-60.21742512240958,-0.03354365303974148,0,0,0
62,31.0,circuit,topos,-60.05201925069027,-0.033451514972389546,0,0,0
63,31.5,circuit,topos,-59.88741440273814,-0.03335982310915989,0,0,0
64,32.0,circuit,topos,-59.72360507314533,-0.033268574383307464,0,0,0
65,32.5,circuit,topos,-59.560585788655885,-0.03317776574599717,0,0,0
66,33.0,circuit,topos,-59.39835110836855,-0.03308739416641685,0,0,0
67,33.5,circuit,topos,-59.23689562392386,-0.03299745663188151,0,0,0
68,34.0,circuit,topos,-59.07621395967591,-0.03290795014792898,0,0,0
69,34.5,circuit,topos,-58.91630077284937,-0.032818871738407404,0,0,0
70,35.0,circuit,topos,-58.757150753682005,-0.03273021844555461,0,0,0
71,35.5,circuit,topos,-58.59875862555332,-0.032641987330069774,0,0,0
72,36.0,circuit,topos,-58.44111914509967,-0.032554175471177546,0,0,0
73,36.5,circuit,topos,-58.28422710231621,-0.03246677996668484,0,0,0
74,37.0,circuit,topos,-58.128077320646206,-0.032379797933030585,0,0,0
75,37.5,circuit,topos,-57.972664657058026,-0.03229322650532861,0,0,0
76,38.0,circuit,topos,-57.8179840021102,-0.03220706283740387,0,0,0
77,38.5,circuit,topos,-57.66403028000502,-0.03212130410182235,0,0,0
78,39.0,circuit,topos,-57.510798448630936,-0.03203594748991462,0,0,0
79,39.5,circuit,topos,-57.35828349959423,-0.03195099021179351,0,0,0
80,40.0,circuit,topos,-57.206480458240236,-0.031866429496365964,0,0,0
81,40.5,circuit,topos,-57.055384383664546,-0.031782262591339205,0,0,0
82,41.0,circuit,topos,-56.90499036871446,-0.0316984867632216,0,0,0
83,41.5,circuit,topos,-56.755293539981075,-0.03161509929731826,0,0,0
84,42.0,circuit,topos,-56.60628905778235,-0.031532097497721547,0,0,0
85,42.5,circuit,topos,-56.457972116137384,-0.031449478687296806,0,0,0
86,43.0,circuit,topos,-56.310337942732346,-0.03136724020766336,0,0,0
87,43.5,circuit,topos,-56.163381798878255,-0.031285379419171006,0,0,0
88,44.0,circuit,topos,-56.01709897946099,-0.031203893700872138,0,0,0
89,44.5,circuit,topos,-55.871484812883715,-0.031122780450489707,0,0,0
90,45.0,circuit,topos,-55.726534661002155,-0.031042037084381156,0,0,0
91,45.5,circuit,topos,-55.582243919052864,-0.030961661037498464,0,0,0
92,46.0,circuit,topos,-55.43860801557481,-0.030881649763344454,0,0,0
93,46.5,circuit,topos,-55.29562241232453,-0.030802000733925552,0,0,0
94,47.0,circuit,topos,-55.15328260418519,-0.0307227114397011,0,0,0
95,47.5,circuit,topos,-55.0115841190696,-0.030643779389529373,0,0,0
96,48.0,circuit,topos,-54.870522517817655,-0.030565202110610406,0,0,0
97,48.5,circuit,topos,-54.73009339408829,-0.030486977148425836,0,0,0
98,49.0,circuit,topos,-54.59029237424627,-0.030409102066675825,0,0,0
99,49.5,circuit,topos,-54.4511151172439,-0.030331574447213183,0,0,0
100,50.0,circuit,topos,-54.3125573144981,-0.03025439188997487,0,0,0
101,50.5,circuit,topos,-54.17461468976279,-0.03017755201291094,0,0,0
102,51.0,circuit,topos,-54.03728299899701,-0.030101052451911043,0,0,0
103,51.5,circuit,topos,-53.90055803022885,-0.03002489086072866,0,0,0
104,52.0,circuit,topos,-53.76443560341545,-0.0299490649109031,0,0,0
105,52.5,circuit,topos,-53.628911570299174,-0.029873572291679383,0,0,0
106,53.0,circuit,topos,-53.49398181426025,-0.02979841070992616,0,0,0
107,53.5,circuit,topos,-53.35964225016599,-0.029723577890051717,0,0,0
108,54.0,circuit,topos,-53.22588882421674,-0.02964907157391817,0,0,0
109,54.5,circuit,topos,-53.092717513788784,-0.02957488952075395,0,0,0
110,55.0,circuit,topos,-52.96012432727436,-0.02950102950706468,0,0,0
111,55.5,circuit,topos,-52.82810530391885,-0.029427489326542506,0,0,0
112,56.0,circuit,topos,-52.696656513655476,-0.029354266789973976,0,0,0
113,56.5,circuit,topos,-52.56577405693743,-0.029281359725146564,0,0,0
114,57.0,circuit,topos,-52.435454064567786,-0.029208765976753922,0,0,0
115,57.5,circuit,topos,-52.30569269752719,-0.02913648340629987,0,0,0
116,58.0,circuit,topos,-52.17648614679955,-0.029064509892001315,0,0,0
117,58.5,circuit,topos,-52.04783063319575,-0.028992843328690066,0,0,0
118,59.0,circuit,topos,-51.919722407175705,-0.028921481627713682,0,0,0
119,59.5,circuit,topos,-51.79215774866862,-0.028850422716835373,0,0,0
120,60.0,circuit,topos,-51.66513296689182,-0.028779664540133053,0,0,0
121,60.5,circuit,topos,-51.53864440016805,-0.02870920505789762,0,0,0
122,61.0,circuit,topos,-51.41268841574159,-0.02863904224653045,0,0,0
123,61.5,circuit,topos,-51.28726140959302,-0.02856917409844028,0,0,0
124,62.0,circuit,topos,-51.16235980625296,-0.028499598621939418,0,0,0
125,62.5,circuit,topos,-51.0379800586148,-0.028430313841139445,0,0,0
126,63.0,circuit,topos,-50.91411864774648,-0.02836131779584634,0,0,0
127,63.5,circuit,topos,-50.79077208270149,-0.028292608541455235,0,0,0
128,64.0,circuit,topos,-50.66793690032912,-0.028224184148844686,0,0,0
129,64.5,circuit,topos,-50.54560966508405,-0.028156042704270624,0,0,0
130,65.0,circuit,topos,-50.423786968835444,-0.028088182309260006,0,0,0
131,65.5,circuit,topos,-50.302465430675475,-0.028020601080504155,0,0,0
132,66.0,circuit,topos,-50.18164169672753,-0.02795329714975193,0,0,0
133,66.5,circuit,topos,-50.06131243995403,-0.027886268663702665,0,0,0
134,67.0,circuit,topos,-49.94147435996403,-0.027819513783898988,0,0,0
135,67.5,circuit,topos,-49.822124182820644,-0.027753030686619568,0,0,0
136,68.0,circuit,topos,-49.70325866084827,-0.02768681756277171,0,0,0
137,68.5,circuit,topos,-49.58487457243987,-0.027620872617784026,0,0,0
138,69.0,circuit,topos,-49.4669687218642,-0.02755519407149902,0,0,0
139,69.5,circuit,topos,-49.349537939073095,-0.027489780158065778,0,0,0
140,70.0,circuit,topos,-49.23257907950891,-0.02742462912583267,0,0,0
141,70.5,circuit,topos,-49.11608902391212,-0.027359739237240194,0,0,0
142,71.0,circuit,topos,-49.00006467812915,-0.027295108768713924,0,0,0
143,71.5,circuit,topos,-48.88450297292052,-0.02723073601055764,0,0,0
144,72.0,circuit,topos,-48.76940086376927,-0.027166619266846603,0,0,0
145,72.5,circuit,topos,-48.65475533068979,-0.027102756855321083,0,0,0
146,73.0,circuit,topos,-48.54056337803708,-0.027039147107280104,0,0,0
147,73.5,circuit,topos,-48.42682203431646,-0.026975788367475426,0,0,0
148,74.0,circuit,topos,-48.313528351993774,-0.026912678994005842,0,0,0
149,74.5,circuit,topos,-48.20067940730618,-0.026849817358211774,0,0,0
150,75.0,circuit,topos,-48.08827230007349,-0.02678720184457017,0,0,0
151,75.5,circuit,topos,-47.976304153510114,-0.026724830850589774,0,0,0
152,76.0,circuit,topos,-47.864772114037706,-0.026662702786706734,0,0,0
153,76.5,circuit,topos,-47.75367335109845,-0.026600816076180613,0,0,0
154,77.0,circuit,topos,-47.64300505696908,-0.026539169154990785,0,0,0
155,77.5,circuit,topos,-47.53276444657567,-0.026477760471733256,0,0,0
156,78.0,circuit,topos,-47.422948757309136,-0.026416588487517913,0,0,0
157,78.5,circuit,topos,-47.313555248841624,-0.02635565167586622,0,0,0
158,79.0,circuit,topos,-47.204581202943636,-0.026294948522609364,0,0,0
159,79.5,circuit,topos,-47.09602392330209,-0.0262344775257869,0,0,0
160,80.0,circuit,topos,-46.98788073533919,-0.026174237195545857,0,0,0
161,80.5,circuit,topos,-46.88014898603224,-0.026114226054040374,0,0,0
162,81.0,circuit,topos,-46.77282604373434,-0.026054442635331805,0,0,0
163,81.5,circuit,topos,-46.66590929799605,-0.025994885485289387,0,0,0
164,82.0,circuit,topos,-46.55939615938799,-0.025935553161491418,0,0,0
165,82.5,circuit,topos,-46.4532840593244,-0.025876444233126985,0,0,0
166,83.0,circuit,topos,-46.34757044988777,-0.02581755728089824,0,0,0
167,83.5,circuit,topos,-46.242252803654324,-0.025758890896923244,0,0,0
168,84.0,circuit,topos,-46.13732861352069,-0.025700443684639356,0,0,0
169,84.5,circuit,topos,-46.0327953925315,-0.025642214258707243,0,0,0
170,85.0,circuit,topos,-45.92865067370806,-0.025584201244915415,0,0,0
171,85.5,circuit,topos,-45.82489200987811,-0.0255264032800854,0,0,0
172,86.0,circuit,topos,-45.721516973506596,-0.025468819011977492,0,0,0
173,86.5,circuit,topos,-45.618523156527566,-0.025411447099197088,0,0,0
174,87.0,circuit,topos,-45.51590817017716,-0.02535428621110168,0,0,0
175,87.5,circuit,topos,-45.41366964482768,-0.025297335027708392,0,0,0
176,88.0,circuit,topos,-45.311805229822724,-0.025240592239602185,0,0,0
177,88.5,circuit,topos,-45.210312593313546,-0.02518405654784466,0,0,0
178,89.0,circuit,topos,-45.10918942209643,-0.025127726663883493,0,0,0
179,89.5,circuit,topos,-45.00843342145123,-0.025071601309462507,0,0,0
180,90.0,circuit,topos,-44.90804231498106,-0.025015679216532333,0,0,0
181,90.5,circuit,topos,-44.8080138444531,-0.02495995912716177,0,0,0
182,91.0,circuit,topos,-44.70834576964053,-0.024904439793449713,0,0,0
183,91.5,circuit,topos,-44.60903586816565,-0.024849119977437776,0,0,0
184,92.0,circuit,topos,-44.51008193534411,-0.024793998451023515,0,0,0
185,92.5,circuit,topos,-44.41148178403032,-0.02473907399587432,0,0,0
186,93.0,circuit,topos,-44.313233244463994,-0.02468434540334193,0,0,0
187,93.5,circuit,topos,-44.21533416411785,-0.02462981147437759,0,0,0
188,94.0,circuit,topos,-44.11778240754647,-0.02457547101944788,0,0,0
189,94.5,circuit,topos,-44.020575856236356,-0.024521322858451156,0,0,0
190,95.0,circuit,topos,-43.92371240845705,-0.024467365820634655,0,0,0
191,95.5,circuit,topos,-43.82718997911351,-0.024413598744512238,0,0,0
192,96.0,circuit,topos,-43.731006499599594,-0.024360020477782775,0,0,0
193,96.5,circuit,topos,-43.63515991765271,-0.02430662987724919,0,0,0
194,97.0,circuit,topos,-43.53964819720961,-0.024253425808738134,0,0,0
195,97.5,circuit,topos,-43.44446931826338,-0.024200407147020302,0,0,0
196,98.0,circuit,topos,-43.34962127672152,-0.024147572775731402,0,0,0
197,98.5,circuit,topos,-43.25510208426523,-0.024094921587293747,0,0,0
198,99.0,circuit,topos,-43.16090976820982,-0.02404245248283852,0,0,0
199,99.5,circuit,topos,-43.067042371366256,-0.023990164372128645,0,0,0
200,100.0,circuit,topos,-42.97349795190387,-0.023938056173482294,0,0,0
201,100.5,circuit,topos,-42.88027458321422,-0.023886126813697065,0,0,0
202,101.0,circuit,topos,-42.787370353776005,-0.023834375227974745,0,0,0
203,101.5,circuit,topos,-42.69478336702126,-0.02378280035984674,0,0,0
204,102.0,circuit,topos,-42.602511741202534,-0.023731401161100122,0,0,0
205,102.5,circuit,topos,-42.51055360926127,-0.0236801765917043,0,0,0
206,103.0,circuit,topos,-42.4189071186973,-0.023629125619738317,0,0,0
207,103.5,circuit,topos,-42.32757043143941,-0.02357824722131876,0,0,0
208,104.0,circuit,topos,-42.2365417237171,-0.023527540380528303,0,0,0
209,104.5,circuit,topos,-42.14581918593336,-0.02347700408934487,0,0,0
210,105.0,circuit,topos,-42.055401022538604,-0.02342663734757139,0,0,0
211,105.5,circuit,topos,-41.96528545190568,-0.02337643916276617,0,0,0
212,106.0,circuit,topos,-41.875470706205974,-0.023326408550173896,0,0,0
213,106.5,circuit,topos,-41.78595503128661,-0.023276544532657213,0,0,0
214,107.0,circuit,topos,-41.696736686548704,-0.02322684614062891,0,0,0
215,107.5,circuit,topos,-41.60781394482671,-0.023177312411984723,0,0,0
216,108.0,circuit,topos,-41.519185092268835,-0.023127942392036704,0,0,0
217,108.5,circuit,topos,-41.43084842821851,-0.023078735133447204,0,0,0
218,109.0,circuit,topos,-41.34280226509692,-0.023029689696163435,0,0,0
219,109.5,circuit,topos,-41.25504492828657,-0.02298080514735262,0,0,0
220,110.0,circuit,topos,-41.167574756015924,-0.022932080561337713,0,0,0
221,110.5,circuit,topos,-41.08039009924504,-0.022883515019533715,0,0,0
222,111.0,circuit,topos,-40.99348932155227,-0.022835107610384545,0,0,0
223,111.5,circuit,topos,-40.90687079902198,-0.022786857429300506,0,0,0
224,112.0,circuit,topos,-40.82053292013327,-0.022738763578596277,0,0,0
225,112.5,circuit,topos,-40.73447408564969,-0.022690825167429512,0,0,0
226,113.0,circuit,topos,-40.648692708510026,-0.022643041311739987,0,0,0
227,113.5,circuit,topos,-40.563187213720006,-0.022595411134189263,0,0,0
228,114.0,circuit,topos,-40.47795603824503,-0.022547933764100952,0,0,0
229,114.5,circuit,topos,-40.39299763090391,-0.022500608337401515,0,0,0
230,115.0,circuit,topos,-40.30831045226353,-0.022453433996561578,0,0,0
231,115.5,circuit,topos,-40.22389297453449,-0.02240640989053784,0,0,0
232,116.0,circuit,topos,-40.13974368146778,-0.022359535174715443,0,0,0
233,116.5,circuit,topos,-40.055861068252284,-0.02231280901085095,0,0,0
234,117.0,circuit,topos,-39.97224364141336,-0.02226623056701581,0,0,0
235,117.5,circuit,topos,-39.88888991871226,-0.022219799017540346,0,0,0
236,118.0,circuit,topos,-39.805798429046554,-0.022173513542958264,0,0,0
237,118.5,circuit,topos,-39.72296771235143,-0.022127373329951707,0,0,0
238,119.0,circuit,topos,-39.64039631950195,-0.022081377571296787,0,0,0
239,119.5,circuit,topos,-39.5580828122162,-0.02203552546580963,0,0,0
240,120.0,circuit,topos,-39.476025762959324,-0.02198981621829295,0,0,0
241,120.5,circuit,topos,-39.39422375484851,-0.021944249039483072,0,0,0
242,121.0,circuit,topos,-39.31267538155883,-0.021898823145997528,0,0,0
243,121.5,circuit,topos,-39.23137924722995,-0.02185353776028306,0,0,0
244,122.0,circuit,topos,-39.15033396637375,-0.02180839211056419,0,0,0
245,122.5,circuit,topos,-39.06953816378279,-0.02176338543079219,0,0,0
246,123.0,circuit,topos,-38.98899047443964,-0.021718516960594614,0,0,0
247,123.5,circuit,topos,-38.90868954342708,-0.02167378594522526,0,0,0
248,124.0,circuit,topos,-38.82863402583913,-0.021629191635514602,0,0,0
249,124.5,circuit,topos,-38.74882258669292,-0.02158473328782071,0,0,0
250,125.0,circuit,topos,-38.6692539008414,-0.021540410163980624,0,0,0
251,125.5,circuit,topos,-38.58992665288689,-0.021496221531262197,0,0,0
252,126.0,circuit,topos,-38.51083953709541,-0.021452166662316363,0,0,0
253,126.5,circuit,topos,-38.43199125731186,-0.021408244835129906,0,0,0
254,127.0,circuit,topos,-38.35338052687597,-0.02136445533297863,0,0,0
255,127.5,circuit,topos,-38.2750060685391,-0.02132079744438101,0,0,0
256,128.0,circuit,topos,-38.196866614381754,-0.021277270463052257,0,0,0
257,128.5,circuit,topos,-38.11896090573196,-0.021233873687858836,0,0,0
258,129.0,circuit,topos,-38.04128769308435,-0.021190606422773404,0,0,0
259,129.5,circuit,topos,-37.963845736020076,-0.02114746797683019,0,0,0
260,130.0,circuit,topos,-37.88663380312744,-0.02110445766408079,0,0,0
261,130.5,circuit,topos,-37.8096506719233,-0.021061574803550382,0,0,0
262,131.0,circuit,topos,-37.73289512877524,-0.021018818719194372,0,0,0
263,131.5,circuit,topos,-37.65636596882444,-0.02097618873985543,0,0,0
264,132.0,circuit,topos,-37.580061995909325,-0.020933684199220964,0,0,0
265,132.5,circuit,topos,-37.503982022489915,-0.020891304435780966,0,0,0
266,133.0,circuit,topos,-37.42812486957291,-0.020849048792786304,0,0,0
267,133.5,circuit,topos,-37.35248936663749,-0.020806916618207355,0,0,0
268,134.0,circuit,topos,-37.27707435156182,-0.020764907264693107,0,0,0
269,134.5,circuit,topos,-37.20187867055024,-0.020723020089530562,0,0,0
270,135.0,circuit,topos,-37.126901178061175,-0.020681254454604617,0,0,0
271,135.5,circuit,topos,-37.052140736735765,-0.020639609726358272,0,0,0
272,136.0,circuit,topos,-36.977596217327076,-0.02059808527575321,0,0,0
273,136.5,circuit,topos,-36.90326649863009,-0.020556680478230817,0,0,0
274,137.0,circuit,topos,-36.82915046741232,-0.0205153947136735,0,0,0
275,137.5,circuit,topos,-36.75524701834509,-0.02047422736636644,0,0,0
276,138.0,circuit,topos,-36.68155505393546,-0.020433177824959636,0,0,0
277,138.5,circuit,topos,-36.60807348445886,-0.020392245482430404,0,0,0
278,139.0,circuit,topos,-36.534801227892295,-0.02035142973604617,0,0,0
279,139.5,circuit,topos,-36.4617372098482,-0.020310729987327615,0,0,0
280,140.0,circuit,topos,-36.388880363508996,-0.020270145642012218,0,0,0
281,140.5,circuit,topos,-36.316229629562194,-0.020229676110018108,0,0,0
282,141.0,circuit,topos,-36.243783956136156,-0.020189320805408296,0,0,0
283,141.5,circuit,topos,-36.171542298736455,-0.0201490791463552,0,0,0
284,142.0,circuit,topos,-36.099503620182865,-0.020108950555105556,0,0,0
285,142.5,circuit,topos,-36.02766689054694,-0.02006893445794566,0,0,0
286,143.0,circuit,topos,-35.95603108709017,-0.020029030285166893,0,0,0
287,143.5,circuit,topos,-35.884595194202774,-0.01998923747103165,0,0,0
288,144.0,circuit,topos,-35.813358203343036,-0.019949555453739533,0,0,0
289,144.5,circuit,topos,-35.74231911297724,-0.019909983675393896,0,0,0
290,145.0,circuit,topos,-35.67147692852018,-0.0198705215819687,0,0,0
291,145.5,circuit,topos,-35.600830662276216,-0.01983116862327571,0,0,0
292,146.0,circuit,topos,-35.53037933338094,-0.01979192425293194,0,0,0
293,146.5,circuit,topos,-35.46012196774334,-0.019752787928327506,0,0,0
294,147.0,circuit,topos,-35.39005759798855,-0.01971375911059368,0,0,0
295,147.5,circuit,topos,-35.320185263401164,-0.019674837264571345,0,0,0
296,148.0,circuit,topos,-35.250504009869026,-0.019636021858779665,0,0,0
297,148.5,circuit,topos,-35.181012889827635,-0.019597312365385137,0,0,0
298,149.0,circuit,topos,-35.111710962205024,-0.01955870826017086,0,0,0
299,149.5,circuit,topos,-35.04259729236718,-0.01952020902250616,0,0,0
300,150.0,circuit,topos,-34.97367095206398,-0.019481814135316456,0,0,0
301,150.5,circuit,topos,-34.90493101937568,-0.01944352308505344,0,0,0
302,151.0,circuit,topos,-34.83637657865983,-0.019405335361665544,0,0,0
303,151.5,circuit,topos,-34.76800672049878,-0.019367250458568665,0,0,0
304,152.0,circuit,topos,-34.69982054164763,-0.019329267872617184,0,0,0
305,152.5,circuit,topos,-34.63181714498271,-0.01929138710407527,0,0,0
306,153.0,circuit,topos,-34.56399563945052,-0.01925360765658843,0,0,0
307,153.5,circuit,topos,-34.49635514001715,-0.01921592903715534,0,0,0
308,154.0,circuit,topos,-34.42889476761824,-0.019178350756099968,0,0,0
309,154.5,circuit,topos,-34.36161364910932,-0.01914087232704391,0,0,0
310,155.0,circuit,topos,-34.29451091721673,-0.019103493266879042,0,0,0
311,155.5,circuit,topos,-34.22758571048889,-0.0190662130957404,0,0,0
312,156.0,circuit,topos,-34.16083717324811,-0.01902903133697932,0,0,0
313,156.5,circuit,topos,-34.094264455542856,-0.018991947517136835,0,0,0
314,157.0,circuit,topos,-34.0278667131004,-0.018954961165917328,0,0,0
315,157.5,circuit,topos,-33.961643107280004,-0.01891807181616243,0,0,0
316,158.0,circuit,topos,-33.895592805026475,-0.01888127900382516,0,0,0
317,158.5,circuit,topos,-33.8297149788242,-0.018844582267944315,0,0,0
318,159.0,circuit,topos,-33.76400880665161,-0.018807981150619116,0,0,0
319,159.5,circuit,topos,-33.698473471936055,-0.018771475196984046,0,0,0
320,160.0,circuit,topos,-33.63310816350911,-0.018735063955183984,0,0,0
321,160.5,circuit,topos,-33.567912075562305,-0.018698746976349528,0,0,0
322,161.0,circuit,topos,-33.502884407603304,-0.01866252381457258,0,0,0
323,161.5,circuit,topos,-33.43802436441243,-0.018626394026882143,0,0,0
324,162.0,circuit,topos,-33.37333115599963,-0.018590357173220346,0,0,0
325,162.5,circuit,topos,-33.30880399756188,-0.0185544128164187,0,0,0
326,163.0,circuit,topos,-33.24444210944093,-0.01851856052217458,0,0,0
327,163.5,circuit,topos,-33.18024471708148,-0.018482799859027923,0,0,0
328,164.0,circuit,topos,-33.116211050989726,-0.01844713039833813,0,0,0
329,164.5,circuit,topos,-33.05234034669234,-0.018411551714261214,0,0,0
330,165.0,circuit,topos,-32.98863184469577,-0.018376063383727142,0,0,0
331,165.5,circuit,topos,-32.92508479044595,-0.01834066498641739,0,0,0
332,166.0,circuit,topos,-32.861698434288435,-0.018305356104742706,0,0,0
333,166.5,circuit,topos,-32.798472031428794,-0.018270136323821098,0,0,0
334,167.0,circuit,topos,-32.73540484189348,-0.01823500523145599,0,0,0
335,167.5,circuit,topos,-32.67249613049101,-0.018199962418114637,0,0,0
336,168.0,circuit,topos,-32.60974516677355,-0.018165007476906685,0,0,0
337,168.5,circuit,topos,-32.54715122499877,-0.01813014000356297,0,0,0
338,169.0,circuit,topos,-32.48471358409216,-0.018095359596414475,0,0,0
339,169.5,circuit,topos,-32.42243152760963,-0.018060665856371543,0,0,0
340,170.0,circuit,topos,-32.36030434370046,-0.018026058386903212,0,0,0
341,170.5,circuit,topos,-32.29833132507064,-0.017991536794016796,0,0,0
342,171.0,circuit,topos,-32.23651176894649,-0.017957100686237626,0,0,0
343,171.5,circuit,topos,-32.17484497703865,-0.017922749674588994,0,0,0
344,172.0,circuit,topos,-32.113330255506405,-0.01788848337257227,0,0,0
345,172.5,circuit,topos,-32.05196691492232,-0.01785430139614721,0,0,0
346,173.0,circuit,topos,-31.99075427023721,-0.01782020336371244,0,0,0
347,173.5,circuit,topos,-31.92969164074547,-0.01778618889608614,0,0,0
348,174.0,circuit,topos,-31.86877835005065,-0.01775225761648688,0,0,0
349,174.5,circuit,topos,-31.808013726031398,-0.017718409150514633,0,0,0
350,175.0,circuit,topos,-31.747397100807717,-0.017684643126131994,0,0,0
351,175.5,circuit,topos,-31.686927810707516,-0.017650959173645526,0,0,0
352,176.0,circuit,topos,-31.626605196233466,-0.017617356925687326,0,0,0
353,176.5,circuit,topos,-31.566428602030175,-0.017583836017196715,0,0,0
354,177.0,circuit,topos,-31.506397376851655,-0.01755039608540213,0,0,0
355,177.5,circuit,topos,-31.446510873529082,-0.017517036769803162,0,0,0
356,178.0,circuit,topos,-31.386768448938867,-0.017483757712152763,0,0,0
357,178.5,circuit,topos,-31.327169463970996,-0.01745055855643963,0,0,0
358,179.0,circuit,topos,-31.267713283497688,-0.01741743894887071,0,0,0
359,179.5,circuit,topos,-31.208399276342302,-0.017384398537853923,0,0,0
360,180.0,circuit,topos,-31.149226815248568,-0.01735143697398099,0,0,0
361,180.5,circuit,topos,-31.09019527685006,-0.017318553910010446,0,0,0
362,181.0,circuit,topos,-31.031304041639988,-0.017285749000850798,0,0,0
363,181.5,circuit,topos,-30.972552493941215,-0.01725302190354384,0,0,0
364,182.0,circuit,topos,-30.91394002187659,-0.01722037227724812,0,0,0
365,182.5,circuit,topos,-30.85546601733953,-0.017187799783222543,0,0,0
366,183.0,circuit,topos,-30.797129875964863,-0.01715530408481014,0,0,0
367,183.5,circuit,topos,-30.738930997099956,-0.017122884847421995,0,0,0
368,184.0,circuit,topos,-30.68086878377608,-0.017090541738521266,0,0,0
369,184.5,circuit,topos,-30.62294264268005,-0.017058274427607413,0,0,0
370,185.0,circuit,topos,-30.565151984126118,-0.017026082586200534,0,0,0
371,185.5,circuit,topos,-30.507496222028106,-0.016993965887825833,0,0,0
372,186.0,circuit,topos,-30.449974773871816,-0.01696192400799826,0,0,0
373,186.5,circuit,topos,-30.392587060687667,-0.01692995662420727,0,0,0
374,187.0,circuit,topos,-30.335332507023583,-0.016898063415901714,0,0,0
375,187.5,circuit,topos,-30.278210540918128,-0.016866244064474876,0,0,0
376,188.0,circuit,topos,-30.221220593873877,-0.016834498253249643,0,0,0
377,188.5,circuit,topos,-30.164362100831028,-0.016802825667463803,0,0,0
378,189.0,circuit,topos,-30.10763450014126,-0.016771225994255484,0,0,0
379,189.5,circuit,topos,-30.0510372335418,-0.016739698922648705,0,0,0
380,190.0,circuit,topos,-29.99456974612975,-0.01670824414353908,0,0,0
381,190.5,circuit,topos,-29.938231486336623,-0.01667686134967963,0,0,0
382,191.0,circuit,topos,-29.882021905903116,-0.01664555023566673,0,0,0
383,191.5,circuit,topos,-29.825940459854106,-0.016614310497926187,0,0,0
384,192.0,circuit,topos,-29.76998660647386,-0.016583141834699416,0,0,0
385,192.5,circuit,topos,-29.714159807281487,-0.01655204394602979,0,0,0
386,193.0,circuit,topos,-29.65845952700657,-0.01652101653374904,0,0,0
387,193.5,circuit,topos,-29.60288523356506,-0.016490059301463845,0,0,0
388,194.0,circuit,topos,-29.54743639803535,-0.016459171954542495,0,0,0
389,194.5,circuit,topos,-29.492112494634576,-0.016428354200101695,0,0,0
390,195.0,circuit,topos,-29.436913000695114,-0.016397605746993466,0,0,0
391,195.5,circuit,topos,-29.381837396641306,-0.01636692630579219,0,0,0
392,196.0,circuit,topos,-29.326885165966367,-0.016336315588781743,0,0,0
393,196.5,circuit,topos,-29.272055795209514,-0.016305773309942744,0,0,0
394,197.0,circuit,topos,-29.217348773933292,-0.01627529918493994,0,0,0
395,197.5,circuit,topos,-29.16276359470109,-0.016244892931109672,0,0,0
396,198.0,circuit,topos,-29.10829975305486,-0.01621455426744747,0,0,0
397,198.5,circuit,topos,-29.053956747493046,-0.016184282914595755,0,0,0
398,199.0,circuit,topos,-28.999734079448675,-0.01615407859483163,0,0,0
399,199.5,circuit,topos,-28.94563125326767,-0.01612394103205481,0,0,0
400,200.0,circuit,topos,-28.891647776187334,-0.016093869951775627,0,0,0
401,200.5,circuit,topos,-28.83778315831503,-0.016063865081103162,0,0,0
402,201.0,circuit,topos,-28.78403691260705,-0.016033926148733463,0,0,0
403,201.5,circuit,topos,-28.730408554847653,-0.016004052884937885,0,0,0
404,202.0,circuit,topos,-28.676897603628305,-0.015974245021551505,0,0,0
405,202.5,circuit,topos,-28.623503580327085,-0.01594450229196167,0,0,0
406,203.0,circuit,topos,-28.57022600908828,-0.015914824431096614,0,0,0
407,203.5,circuit,topos,-28.517064416802146,-0.015885211175414207,0,0,0
408,204.0,circuit,topos,-28.46401833308485,-0.015855662262890747,0,0,0
409,204.5,circuit,topos,-28.4110872902586,-0.015826177433009923,0,0,0
410,205.0,circuit,topos,-28.358270823331903,-0.015796756426751806,0,0,0
411,205.5,circuit,topos,-28.305568469980056,-0.015767398986581978,0,0,0
412,206.0,circuit,topos,-28.252979770525755,-0.015738104856440737,0,0,0
413,206.5,circuit,topos,-28.20050426791989,-0.015708873781732396,0,0,0
414,207.0,circuit,topos,-28.148141507722503,-0.015679705509314672,0,0,0
415,207.5,circuit,topos,-28.095891038083916,-0.015650599787488183,0,0,0
416,208.0,circuit,topos,-28.043752409726014,-0.015621556365986012,0,0,0
417,208.5,circuit,topos,-27.991725175923687,-0.01559257499596338,0,0,0
418,209.0,circuit,topos,-27.93980889248643,-0.01556365542998738,0,0,0
419,209.5,circuit,topos,-27.888003117740112,-0.015534797422026845,0,0,0
420,210.0,circuit,topos,-27.836307412508898,-0.015506000727442253,0,0,0
421,210.5,circuit,topos,-27.784721340097306,-0.015477265102975748,0,0,0
422,211.0,circuit,topos,-27.73324446627244,-0.015448590306741238,0,0,0
423,211.5,circuit,topos,-27.681876359246363,-0.015419976098214582,0,0,0
424,212.0,circuit,topos,-27.630616589658633,-0.015391422238223845,0,0,0
425,212.5,circuit,topos,-27.57946473055896,-0.015362928488939661,0,0,0
426,213.0,circuit,topos,-27.52842035739004,-0.015334494613865646,0,0,0
427,213.5,circuit,topos,-27.47748304797052,-0.015306120377828934,0,0,0
428,214.0,circuit,topos,-27.426652382478103,-0.015277805546970743,0,0,0
429,214.5,circuit,topos,-27.37592794343281,-0.015249549888737066,0,0,0
430,215.0,circuit,topos,-27.325309315680375,-0.015221353171869416,0,0,0
431,215.5,circuit,topos,-27.274796086375776,-0.015193215166395652,0,0,0
432,216.0,circuit,topos,-27.22438784496691,-0.015165135643620884,0,0,0
433,216.5,circuit,topos,-27.174084183178408,-0.015137114376118465,0,0,0
434,217.0,circuit,topos,-27.123884694995585,-0.015109151137721035,0,0,0
435,217.5,circuit,topos,-27.073788976648515,-0.01508124570351167,0,0,0
436,218.0,circuit,topos,-27.023796626596255,-0.01505339784981508,0,0,0
437,218.5,circuit,topos,-26.973907245511185,-0.015025607354188885,0,0,0
438,219.0,circuit,topos,-26.924120436263504,-0.014997873995414988,0,0,0
439,219.5,circuit,topos,-26.874435803905822,-0.014970197553490988,0,0,0
440,220.0,circuit,topos,-26.82485295565791,-0.014942577809621682,0,0,0
441,220.5,circuit,topos,-26.775371500891556,-0.014915014546210631,0,0,0
442,221.0,circuit,topos,-26.72599105111556,-0.014887507546851803,0,0,0
443,221.5,circuit,topos,-26.676711219960854,-0.014860056596321284,0,0,0
444,222.0,circuit,topos,-26.62753162316574,-0.014832661480569054,0,0,0
445,222.5,circuit,topos,-26.57845187856125,-0.01480532198671083,0,0,0
446,223.0,circuit,topos,-26.529471606056628,-0.014778037903019984,0,0,0
447,223.5,circuit,topos,-26.480590427624946,-0.014750809018919528,0,0,0
448,224.0,circuit,topos,-26.43180796728881,-0.014723635124974148,0,0,0
449,224.5,circuit,topos,-26.38312385110622,-0.014696516012882329,0,0,0
450,225.0,circuit,topos,-26.334537707156503,-0.014669451475468527,0,0,0
451,225.5,circuit,topos,-26.286049165526414,-0.014642441306675417,0,0,0
452,226.0,circuit,topos,-26.23765785829631,-0.014615485301556192,0,0,0
453,226.5,circuit,topos,-26.189363419526448,-0.01458858325626694,0,0,0
454,227.0,circuit,topos,-26.14116548524341,-0.014561734968059067,0,0,0
455,227.5,circuit,topos,-26.093063693426625,-0.014534940235271802,0,0,0
456,228.0,circuit,topos,-26.045057683995,-0.014508198857324744,0,0,0
457,228.5,circuit,topos,-25.99714709879368,-0.014481510634710489,0,0,0
458,229.0,circuit,topos,-25.94933158158088,-0.014454875368987295,0,0,0
459,229.5,circuit,topos,-25.901610778014867,-0.014428292862771827,0,0,0
460,230.0,circuit,topos,-25.853984335641016,-0.014401762919731947,0,0,0
461,230.5,circuit,topos,-25.80645190387899,-0.014375285344579582,0,0,0
462,231.0,circuit,topos,-25.75901313401001,-0.014348859943063617,0,0,0
463,231.5,circuit,topos,-25.711667679164243,-0.014322486521962883,0,0,0
464,232.0,circuit,topos,-25.66441519430828,-0.014296164889079178,0,0,0
465,232.5,circuit,topos,-25.61725533623272,-0.014269894853230347,0,0,0
466,233.0,circuit,topos,-25.570187763539863,-0.014243676224243428,0,0,0
467,233.5,circuit,topos,-25.52321213663149,-0.01421750881294785,0,0,0
468,234.0,circuit,topos,-25.47632811769674,-0.014191392431168673,0,0,0
469,234.5,circuit,topos,-25.429535370700105,-0.014165326891719902,0,0,0
470,235.0,circuit,topos,-25.382833561369495,-0.014139312008397844,0,0,0
471,235.5,circuit,topos,-25.33622235718442,-0.014113347595974523,0,0,0
472,236.0,circuit,topos,-25.289701427364253,-0.014087433470191136,0,0,0
473,236.5,circuit,topos,-25.243270442856605,-0.014061569447751584,0,0,0
474,237.0,circuit,topos,-25.196929076325766,-0.014035755346316025,0,0,0
475,237.5,circuit,topos,-25.150677002141265,-0.014009990984494517,0,0,0
476,238.0,circuit,topos,-25.104513896366505,-0.013984276181840673,0,0,0
477,238.5,circuit,topos,-25.058439436747502,-0.01395861075884539,0,0,0
478,239.0,circuit,topos,-25.012453302701697,-0.013932994536930624,0,0,0
479,239.5,circuit,topos,-24.966555175306873,-0.013907427338443206,0,0,0
480,240.0,circuit,topos,-24.92074473729015,-0.013881908986648723,0,0,0
481,240.5,circuit,topos,-24.875021673017073,-0.013856439305725434,0,0,0
482,241.0,circuit,topos,-24.82938566848079,-0.013831018120758235,0,0,0
483,241.5,circuit,topos,-24.783836411291297,-0.013805645257732684,0,0,0
484,242.0,circuit,topos,-24.738373590664803,-0.01378032054352906,0,0,0
485,242.5,circuit,topos,-24.692996897413135,-0.013755043805916474,0,0,0
486,243.0,circuit,topos,-24.64770602393327,-0.01372981487354703,0,0,0
487,243.5,circuit,topos,-24.602500664196917,-0.013704633575950021,0,0,0
488,244.0,circuit,topos,-24.5573805137402,-0.013679499743526193,0,0,0
489,244.5,circuit,topos,-24.51234526965341,-0.013654413207542022,0,0,0
490,245.0,circuit,topos,-24.46739463057085,-0.013629373800124073,0,0,0
491,245.5,circuit,topos,-24.42252829666076,-0.013604381354253365,0,0,0
492,246.0,circuit,topos,-24.377745969615297,-0.013579435703759812,0,0,0
493,246.5,circuit,topos,-24.333047352640623,-0.013554536683316694,0,0,0
494,247.0,circuit,topos,-24.288432150447054,-0.013529684128435167,0,0,0
495,247.5,circuit,topos,-24.2439000692393,-0.013504877875458822,0,0,0
496,248.0,circuit,topos,-24.199450816706754,-0.013480117761558292,0,0,0
497,248.5,circuit,topos,-24.155084102013898,-0.013455403624725887,0,0,0
498,249.0,circuit,topos,-24.11079963579074,-0.01343073530377028,0,0,0
499,249.5,circuit,topos,-24.066597130123363,-0.013406112638311244,0,0,0
500,250.0,circuit,topos,-24.022476298544515,-0.013381535468774398,0,0,0
501,250.5,circuit,topos,-23.978436856024295,-0.013357003636386033,0,0,0
502,251.0,circuit,topos,-23.93447851896091,-0.01333251698316795,0,0,0
503,251.5,circuit,topos,-23.89060100517148,-0.013308075351932356,0,0,0
504,252.0,circuit,topos,-23.846804033882954,-0.013283678586276776,0,0,0
505,252.5,circuit,topos,-23.803087325723055,-0.013259326530579037,0,0,0
506,253.0,circuit,topos,-23.759450602711325,-0.013235019029992268,0,0,0
507,253.5,circuit,topos,-23.71589358825022,-0.013210755930439933,0,0,0
508,254.0,circuit,topos,-23.67241600711629,-0.013186537078610928,0,0,0
509,254.5,circuit,topos,-23.629017585451408,-0.013162362321954694,0,0,0
510,255.0,circuit,topos,-23.58569805075408,-0.013138231508676372,0,0,0
511,255.5,circuit,topos,-23.542457131870822,-0.013114144487732002,0,0,0
512,256.0,circuit,topos,-23.499294558987597,-0.013090101108823748,0,0,0
513,256.5,circuit,topos,-23.456210063621317,-0.013066101222395177,0,0,0
514,257.0,circuit,topos,-23.413203378611417,-0.01304214467962655,0,0,0
515,257.5,circuit,topos,-23.370274238111485,-0.013018231332430174,0,0,0
516,258.0,circuit,topos,-23.32742237758096,-0.012994361033445761,0,0,0
517,258.5,circuit,topos,-23.284647533776894,-0.012970533636035859,0,0,0
518,259.0,circuit,topos,-23.241949444745785,-0.012946748994281283,0,0,0
519,259.5,circuit,topos,-23.199327849815443,-0.012923006962976599,0,0,0
520,260.0,circuit,topos,-23.156782489586952,-0.012899307397625634,0,0,0
521,260.5,circuit,topos,-23.114313105926676,-0.012875650154437037,0,0,0
522,261.0,circuit,topos,-23.07191944195833,-0.01285203509031985,0,0,0
523,261.5,circuit,topos,-23.029601242055097,-0.012828462062879124,0,0,0
524,262.0,circuit,topos,-22.987358251831836,-0.012804930930411572,0,0,0
525,262.5,circuit,topos,-22.945190218137313,-0.012781441551901251,0,0,0
526,263.0,circuit,topos,-22.90309688904651,-0.012757993787015268,0,0,0
527,263.5,circuit,topos,-22.861078013852993,-0.012734587496099533,0,0,0
528,264.0,circuit,topos,-22.819133343061335,-0.012711222540174543,0,0,0
529,264.5,circuit,topos,-22.777262628379585,-0.012687898780931175,0,0,0
530,265.0,circuit,topos,-22.73546562271181,-0.012664616080726544,0,0,0
531,265.5,circuit,topos,-22.69374208015068,-0.012641374302579863,0,0,0
532,266.0,circuit,topos,-22.65209175597012,-0.012618173310168354,0,0,0
533,266.5,circuit,topos,-22.610514406618,-0.012595012967823187,0,0,0
534,267.0,circuit,topos,-22.56900978970891,-0.012571893140525427,0,0,0
535,267.5,circuit,topos,-22.527577664016945,-0.012548813693902042,0,0,0
536,268.0,circuit,topos,-22.486217789468583,-0.012525774494221929,0,0,0
537,268.5,circuit,topos,-22.4449299271356,-0.012502775408391958,0,0,0
538,269.0,circuit,topos,-22.40371383922803,-0.012479816303953057,0,0,0
539,269.5,circuit,topos,-22.362569289087194,-0.012456897049076335,0,0,0
540,270.0,circuit,topos,-22.32149604117877,-0.012434017512559209,0,0,0
541,270.5,circuit,topos,-22.280493861085912,-0.01241117756382158,0,0,0
542,271.0,circuit,topos,-22.23956251550243,-0.012388377072902032,0,0,0
543,271.5,circuit,topos,-22.19870177222602,-0.01236561591045406,0,0,0
544,272.0,circuit,topos,-22.15791140015152,-0.012342893947742309,0,0,0
545,272.5,circuit,topos,-22.117191169264256,-0.012320211056638879,0,0,0
546,273.0,circuit,topos,-22.0765408506334,-0.012297567109619614,0,0,0
547,273.5,circuit,topos,-22.0359602164054,-0.012274961979760449,0,0,0
548,274.0,circuit,topos,-21.995449039797446,-0.012252395540733763,0,0,0
549,274.5,circuit,topos,-21.955007095090995,-0.01222986766680478,0,0,0
550,275.0,circuit,topos,-21.91463415762533,-0.012207378232827977,0,0,0
551,275.5,circuit,topos,-21.87433000379117,-0.012184927114243528,0,0,0
552,276.0,circuit,topos,-21.834094411024342,-0.012162514187073772,0,0,0
553,276.5,circuit,topos,-21.79392715779948,-0.01214013932791971,0,0,0
554,277.0,circuit,topos,-21.753828023623768,-0.012117802413957516,0,0,0
555,277.5,circuit,topos,-21.713796789030752,-0.01209550332293509,0,0,0
556,278.0,circuit,topos,-21.673833235574175,-0.012073241933168631,0,0,0
557,278.5,circuit,topos,-21.63393714582186,-0.012051018123539215,0,0,0
558,279.0,circuit,topos,-21.59410830334965,-0.012028831773489432,0,0,0
559,279.5,circuit,topos,-21.554346492735373,-0.012006682763020022,0,0,0
560,280.0,circuit,topos,-21.514651499552873,-0.011984570972686542,0,0,0
561,280.5,circuit,topos,-21.475023110366063,-0.011962496283596068,0,0,0
562,281.0,circuit,topos,-21.435461112723033,-0.011940458577403893,0,0,0
563,281.5,circuit,topos,-21.395965295150194,-0.01191845773631029,0,0,0
564,282.0,circuit,topos,-21.356535447146477,-0.01189649364305725,0,0,0
565,282.5,circuit,topos,-21.317171359177554,-0.011874566180925297,0,0,0
566,283.0,circuit,topos,-21.277872822670112,-0.011852675233730268,0,0,0
567,283.5,circuit,topos,-21.238639630006176,-0.01183082068582017,0,0,0
568,284.0,circuit,topos,-21.199471574517457,-0.011809002422072026,0,0,0
569,284.5,circuit,topos,-21.160368450479744,-0.011787220327888743,0,0,0
570,285.0,circuit,topos,-21.121330053107343,-0.011765474289196031,0,0,0
571,285.5,circuit,topos,-21.082356178547556,-0.011743764192439315,0,0,0
572,286.0,circuit,topos,-21.04344662387519,-0.011722089924580676,0,0,0
573,286.5,circuit,topos,-21.004601187087115,-0.011700451373095824,0,0,0
574,287.0,circuit,topos,-20.965819667096845,-0.011678848425971083,0,0,0
575,287.5,circuit,topos,-20.92710186372918,-0.011657280971700401,0,0,0
576,288.0,circuit,topos,-20.88844757771488,-0.011635748899282377,0,0,0
577,288.5,circuit,topos,-20.849856610685354,-0.011614252098217318,0,0,0
578,289.0,circuit,topos,-20.811328765167413,-0.011592790458504304,0,0,0
579,289.5,circuit,topos,-20.772863844578062,-0.01157136387063829,0,0,0
580,290.0,circuit,topos,-20.7344616532193,-0.011549972225607212,0,0,0
581,290.5,circuit,topos,-20.69612199627298,-0.011528615414889122,0,0,0
582,291.0,circuit,topos,-20.657844679795712,-0.011507293330449347,0,0,0
583,291.5,circuit,topos,-20.61962951071378,-0.011486005864737659,0,0,0
584,292.0,circuit,topos,-20.5814762968181,-0.01146475291068547,0,0,0
585,292.5,circuit,topos,-20.543384846759228,-0.011443534361703044,0,0,0
586,293.0,circuit,topos,-20.505354970042394,-0.011422350111676735,0,0,0
587,293.5,circuit,topos,-20.467386477022558,-0.011401200054966237,0,0,0
588,294.0,circuit,topos,-20.429479178899523,-0.01138008408640185,0,0,0
589,294.5,circuit,topos,-20.391632887713076,-0.011359002101281785,0,0,0
590,295.0,circuit,topos,-20.35384741633814,-0.011337953995369462,0,0,0
591,295.5,circuit,topos,-20.31612257848,-0.01131693966489084,0,0,0
592,296.0,circuit,topos,-20.278458188669532,-0.011295959006531775,0,0,0
593,296.5,circuit,topos,-20.240854062258467,-0.011275011917435367,0,0,0
594,297.0,circuit,topos,-20.203310015414708,-0.011254098295199364,0,0,0
595,297.5,circuit,topos,-20.165825865117657,-0.011233218037873551,0,0,0
596,298.0,circuit,topos,-20.12840142915359,-0.011212371043957175,0,0,0
597,298.5,circuit,topos,-20.09103652611106,-0.011191557212396388,0,0,0
598,299.0,circuit,topos,-20.053730975376318,-0.011170776442581689,0,0,0
599,299.5,circuit,topos,-20.01648459712879,-0.011150028634345412,0,0,0
600,300.0,circuit,topos,-19.97929721233657,-0.011129313687959214,0,0,0
601,300.5,circuit,topos,-19.942168642751938,-0.011108631504131574,0,0,0
602,301.0,circuit,topos,-19.90509871090693,-0.01108798198400533,0,0,0
603,301.5,circuit,topos,-19.86808724010892,-0.011067365029155214,0,0,0
604,302.0,circuit,topos,-19.831134054436244,-0.011046780541585418,0,0,0
605,302.5,circuit,topos,-19.794238978733837,-0.01102622842372716,0,0,0
606,303.0,circuit,topos,-19.757401838608928,-0.011005708578436293,0,0,0
607,303.5,circuit,topos,-19.72062246042673,-0.010985220908990892,0,0,0
608,304.0,circuit,topos,-19.68390067130619,-0.010964765319088899,0,0,0
609,304.5,circuit,topos,-19.647236299115757,-0.01094434171284576,0,0,0
610,305.0,circuit,topos,-19.61062917246917,-0.010923949994792077,0,0,0
611,305.5,circuit,topos,-19.574079120721287,-0.010903590069871285,0,0,0
612,306.0,circuit,topos,-19.537585973963928,-0.010883261843437344,0,0,0
613,306.5,circuit,topos,-19.501149563021773,-0.010862965221252444,0,0,0
614,307.0,circuit,topos,-19.46476971944826,-0.010842700109484724,0,0,0
615,307.5,circuit,topos,-19.42844627552152,-0.010822466414706007,0,0,0
616,308.0,circuit,topos,-19.39217906424035,-0.01080226404388956,0,0,0
617,308.5,circuit,topos,-19.35596791932019,-0.010782092904407847,0,0,0
618,309.0,circuit,topos,-19.319812675189162,-0.010761952904030331,0,0,0
619,309.5,circuit,topos,-19.283713166984096,-0.010741843950921252,0,0,0
620,310.0,circuit,topos,-19.247669230546617,-0.01072176595363745,0,0,0
621,310.5,circuit,topos,-19.21168070241923,-0.010701718821126187,0,0,0
622,311.0,circuit,topos,-19.175747419841457,-0.01068170246272299,0,0,0
623,311.5,circuit,topos,-19.139869220745982,-0.01066171678814951,0,0,0
624,312.0,circuit,topos,-19.104045943754834,-0.010641761707511391,0,0,0
625,312.5,circuit,topos,-19.068277428175573,-0.010621837131296144,0,0,0
626,313.0,circuit,topos,-19.03256351399754,-0.010601942970371068,0,0,0
627,313.5,circuit,topos,-18.9969040418881,-0.010582079135981139,0,0,0
628,314.0,circuit,topos,-18.961298853188914,-0.010562245539746957,0,0,0
629,314.5,circuit,topos,-18.92574778991225,-0.010542442093662669,0,0,0
630,315.0,circuit,topos,-18.890250694737315,-0.010522668710093937,0,0,0
631,315.5,circuit,topos,-18.854807411006597,-0.010502925301775904,0,0,0
632,316.0,circuit,topos,-18.819417782722244,-0.010483211781811165,0,0,0
633,316.5,circuit,topos,-18.784081654542472,-0.010463528063667777,0,0,0
634,317.0,circuit,topos,-18.748798871777986,-0.010443874061177258,0,0,0
635,317.5,circuit,topos,-18.71356928038842,-0.01042424968853261,0,0,0
636,318.0,circuit,topos,-18.67839272697882,-0.01040465486028635,0,0,0
637,318.5,circuit,topos,-18.643269058796136,-0.010385089491348573,0,0,0
638,319.0,circuit,topos,-18.608198123725735,-0.010365553496984991,0,0,0
639,319.5,circuit,topos,-18.573179770287954,-0.010346046792815023,0,0,0
640,320.0,circuit,topos,-18.538213847634648,-0.010326569294809873,0,0,0
641,320.5,circuit,topos,-18.50330020554579,-0.010307120919290634,0,0,0
642,321.0,circuit,topos,-18.468438694426084,-0.010287701582926394,0,0,0
643,321.5,circuit,topos,-18.433629165301575,-0.010268311202732359,0,0,0
644,322.0,circuit,topos,-18.398871469816324,-0.010248949696067999,0,0,0
645,322.5,circuit,topos,-18.364165460229078,-0.010229616980635181,0,0,0
646,323.0,circuit,topos,-18.32951098940996,-0.010210312974476344,0,0,0
647,323.5,circuit,topos,-18.2949079108372,-0.01019103759597266,0,0,0
648,324.0,circuit,topos,-18.260356078593862,-0.010171790763842229,0,0,0
649,324.5,circuit,topos,-18.22585534736462,-0.010152572397138264,0,0,0
650,325.0,circuit,topos,-18.191405572432533,-0.010133382415247305,0,0,0
651,325.5,circuit,topos,-18.157006609675843,-0.010114220737887442,0,0,0
652,326.0,circuit,topos,-18.122658315564816,-0.010095087285106536,0,0,0
653,326.5,circuit,topos,-18.088360547158572,-0.010075981977280475,0,0,0
654,327.0,circuit,topos,-18.05411316210196,-0.010056904735111415,0,0,0
655,327.5,circuit,topos,-18.01991601862244,-0.010037855479626056,0,0,0
656,328.0,circuit,topos,-17.98576897552699,-0.010018834132173911,0,0,0
657,328.5,circuit,topos,-17.951671892199037,-0.009999840614425602,0,0,0
658,329.0,circuit,topos,-17.91762462859539,-0.009980874848371147,0,0,0
659,329.5,circuit,topos,-17.883627045243227,-0.009961936756318282,0,0,0
660,330.0,circuit,topos,-17.849679003237057,-0.009943026260890775,0,0,0
661,330.5,circuit,topos,-17.815780364235742,-0.00992414328502676,0,0,0
662,331.0,circuit,topos,-17.781930990459518,-0.009905287751977082,0,0,0
663,331.5,circuit,topos,-17.748130744687035,-0.00988645958530364,0,0,0
664,332.0,circuit,topos,-17.71437949025242,-0.009867658708877765,0,0,0
665,332.5,circuit,topos,-17.680677091042355,-0.009848885046878583,0,0,0
666,333.0,circuit,topos,-17.647023411493187,-0.0098301385237914,0,0,0
667,333.5,circuit,topos,-17.613418316588035,-0.009811419064406105,0,0,0
668,334.0,circuit,topos,-17.579861671853937,-0.009792726593815568,0,0,0
669,334.5,circuit,topos,-17.546353343358998,-0.00977406103741406,0,0,0
670,335.0,circuit,topos,-17.512893197709566,-0.009755422320895674,0,0,0
671,335.5,circuit,topos,-17.479481102047423,-0.009736810370252761,0,0,0
672,336.0,circuit,topos,-17.446116924046997,-0.009718225111774382,0,0,0
673,336.5,circuit,topos,-17.41280053191258,-0.00969966647204475,0,0,0
674,337.0,circuit,topos,-17.379531794375588,-0.009681134377941712,0,0,0
675,337.5,circuit,topos,-17.346310580691803,-0.00966262875663521,0,0,0
676,338.0,circuit,topos,-17.31313676063867,-0.00964414953558577,0,0,0
677,338.5,circuit,topos,-17.28001020451259,-0.009625696642543001,0,0,0
678,339.0,circuit,topos,-17.246930783126224,-0.009607270005544092,0,0,0
679,339.5,circuit,topos,-17.213898367805836,-0.009588869552912327,0,0,0
680,340.0,circuit,topos,-17.180912830388635,-0.009570495213255611,0,0,0
681,340.5,circuit,topos,-17.147974043220135,-0.009552146915464996,0,0,0
682,341.0,circuit,topos,-17.115081879151546,-0.009533824588713227,0,0,0
683,341.5,circuit,topos,-17.08223621153716,-0.009515528162453287,0,0,0
684,342.0,circuit,topos,-17.049436914231777,-0.009497257566416962,0,0,0
685,342.5,circuit,topos,-17.01668386158812,-0.009479012730613409,0,0,0
686,343.0,circuit,topos,-16.9839769284543,-0.009460793585327726,0,0,0
687,343.5,circuit,topos,-16.95131599017126,-0.009442600061119548,0,0,0
688,344.0,circuit,topos,-16.918700922570263,-0.009424432088821636,0,0,0
689,344.5,circuit,topos,-16.88613160197038,-0.00940628959953848,0,0,0
690,345.0,circuit,topos,-16.85360790517601,-0.009388172524644918,0,0,0
691,345.5,circuit,topos,-16.821129709474388,-0.009370080795784752,0,0,0
692,346.0,circuit,topos,-16.78869689263314,-0.009352014344869377,0,0,0
693,346.5,circuit,topos,-16.756309332897835,-0.009333973104076423,0,0,0
694,347.0,circuit,topos,-16.72396690898955,-0.009315957005848403,0,0,0
695,347.5,circuit,topos,-16.69166950010246,-0.009297965982891362,0,0,0
696,348.0,circuit,topos,-16.65941698590144,-0.009279999968173544,0,0,0
697,348.5,circuit,topos,-16.62720924651968,-0.009262058894924064,0,0,0
698,349.0,circuit,topos,-16.59504616255631,-0.00924414269663159,0,0,0
699,349.5,circuit,topos,-16.56292761507406,-0.009226251307043028,0,0,0
700,350.0,circuit,topos,-16.530853485596896,-0.009208384660162218,0,0,0
701,350.5,circuit,topos,-16.49882365610772,-0.009190542690248642,0,0,0
702,351.0,circuit,topos,-16.46683800904604,-0.009172725331816135,0,0,0
703,351.5,circuit,topos,-16.434896427305674,-0.0091549325196316,0,0,0
704,352.0,circuit,topos,-16.40299879423248,-0.009137164188713744,0,0,0
705,352.5,circuit,topos,-16.37114499362207,-0.009119420274331807,0,0,0
706,353.0,circuit,topos,-16.33933490971757,-0.009101700712004316,0,0,0
707,353.5,circuit,topos,-16.307568427207368,-0.009084005437497822,0,0,0
708,354.0,circuit,topos,-16.275845431222887,-0.009066334386825671,0,0,0
709,354.5,circuit,topos,-16.244165807336373,-0.009048687496246764,0,0,0
710,355.0,circuit,topos,-16.2125294415587,-0.009031064702264334,0,0,0
711,355.5,circuit,topos,-16.180936220337173,-0.009013465941624728,0,0,0
712,356.0,circuit,topos,-16.14938603055336,-0.008995891151316193,0,0,0
713,356.5,circuit,topos,-16.117878759520924,-0.008978340268567675,0,0,0
714,357.0,circuit,topos,-16.08641429498349,-0.008960813230847622,0,0,0
715,357.5,circuit,topos,-16.0549925251125,-0.008943309975862797,0,0,0
716,358.0,circuit,topos,-16.02361333850509,-0.008925830441557094,0,0,0
717,358.5,circuit,topos,-15.992276624181985,-0.008908374566110362,0,0,0
718,359.0,circuit,topos,-15.960982271585404,-0.008890942287937239,0,0,0
719,359.5,circuit,topos,-15.929730170576978,-0.008873533545685994,0,0,0
720,360.0,circuit,topos,-15.898520211435672,-0.008856148278237372,0,0,0
721,360.5,circuit,topos,-15.867352284855736,-0.008838786424703446,0,0,0
722,361.0,circuit,topos,-15.836226281944654,-0.008821447924426476,0,0,0
723,361.5,circuit,topos,-15.805142094221111,-0.008804132716977782,0,0,0
724,362.0,circuit,topos,-15.774099613612973,-0.008786840742156613,0,0,0
725,362.5,circuit,topos,-15.74309873245528,-0.008769571939989033,0,0,0
726,363.0,circuit,topos,-15.712139343488245,-0.008752326250726805,0,0,0
727,363.5,circuit,topos,-15.681221339855268,-0.008735103614846279,0,0,0
728,364.0,circuit,topos,-15.650344615100973,-0.00871790397304731,0,0,0
729,364.5,circuit,topos,-15.619509063169234,-0.00870072726625215,0,0,0
730,365.0,circuit,topos,-15.588714578401232,-0.008683573435604365,0,0,0
731,365.5,circuit,topos,-15.557961055533516,-0.008666442422467762,0,0,0
732,366.0,circuit,topos,-15.52724838969608,-0.00864933416842531,0,0,0
733,366.5,circuit,topos,-15.496576476410441,-0.008632248615278077,0,0,0
734,367.0,circuit,topos,-15.465945211587744,-0.008615185705044165,0,0,0
735,367.5,circuit,topos,-15.435354491526862,-0.00859814537995766,0,0,0
736,368.0,circuit,topos,-15.40480421291252,-0.008581127582467585,0,0,0
737,368.5,circuit,topos,-15.374294272813426,-0.008564132255236856,0,0,0
738,369.0,circuit,topos,-15.343824568680407,-0.008547159341141244,0,0,0
739,369.5,circuit,topos,-15.313394998344569,-0.008530208783268356,0,0,0
740,370.0,circuit,topos,-15.28300546001545,-0.008513280524916596,0,0,0
741,370.5,circuit,topos,-15.25265585227921,-0.008496374509594166,0,0,0
742,371.0,circuit,topos,-15.222346074096796,-0.008479490681018042,0,0,0
743,371.5,circuit,topos,-15.192076024802155,-0.008462628983112971,0,0,0
744,372.0,circuit,topos,-15.161845604100431,-0.008445789360010477,0,0,0
745,372.5,circuit,topos,-15.131654712066185,-0.008428971756047862,0,0,0
746,373.0,circuit,topos,-15.10150324914162,-0.008412176115767224,0,0,0
747,373.5,circuit,topos,-15.071391116134825,-0.008395402383914473,0,0,0
748,374.0,circuit,topos,-15.04131821421801,-0.008378650505438347,0,0,0
749,374.5,circuit,topos,-15.011284444925785,-0.00836192042548946,0,0,0
750,375.0,circuit,topos,-14.981289710153405,-0.008345212089419319,0,0,0
751,375.5,circuit,topos,-14.951333912155064,-0.008328525442779374,0,0,0
752,376.0,circuit,topos,-14.921416953542185,-0.00831186043132007,0,0,0
753,376.5,circuit,topos,-14.891538737281705,-0.008295217000989886,0,0,0
754,377.0,circuit,topos,-14.8616991666944,-0.008278595097934405,0,0,0
755,377.5,circuit,topos,-14.831898145453192,-0.008261994668495367,0,0,0
756,378.0,circuit,topos,-14.802135577581481,-0.00824541565920975,0,0,0
757,378.5,circuit,topos,-14.772411367451484,-0.00822885801680883,0,0,0
758,379.0,circuit,topos,-14.742725419782584,-0.008212321688217275,0,0,0
759,379.5,circuit,topos,-14.71307763963968,-0.008195806620552219,0,0,0
760,380.0,circuit,topos,-14.683467932431563,-0.008179312761122354,0,0,0
761,380.5,circuit,topos,-14.653896203909289,-0.008162840057427033,0,0,0
762,381.0,circuit,topos,-14.624362360164561,-0.008146388457155363,0,0,0
763,381.5,circuit,topos,-14.594866307628127,-0.008129957908185314,0,0,0
764,382.0,circuit,topos,-14.565407953068185,-0.008113548358582823,0,0,0
765,382.5,circuit,topos,-14.535987203588796,-0.008097159756600927,0,0,0
766,383.0,circuit,topos,-14.506603966628305,-0.008080792050678869,0,0,0
767,383.5,circuit,topos,-14.477258149957771,-0.008064445189441225,0,0,0
768,384.0,circuit,topos,-14.447949661679417,-0.008048119121697046,0,0,0
769,384.5,circuit,topos,-14.418678410225064,-0.008031813796438985,0,0,0
770,385.0,circuit,topos,-14.389444304354607,-0.008015529162842441,0,0,0
771,385.5,circuit,topos,-14.360247253154466,-0.007999265170264709,0,0,0
772,386.0,circuit,topos,-14.331087166036074,-0.007983021768244121,0,0,0
773,386.5,circuit,topos,-14.301963952734358,-0.007966798906499213,0,0,0
774,387.0,circuit,topos,-14.27287752330623,-0.007950596534927882,0,0,0
775,387.5,circuit,topos,-14.24382778812909,-0.00793441460360655,0,0,0
776,388.0,circuit,topos,-14.214814657899343,-0.007918253062789333,0,0,0
777,388.5,circuit,topos,-14.185838043630906,-0.007902111862907221,0,0,0
778,389.0,circuit,topos,-14.156897856653746,-0.007885990954567258,0,0,0
779,389.5,circuit,topos,-14.127994008612411,-0.007869890288551713,0,0,0
780,390.0,circuit,topos,-14.099126411464578,-0.007853809815817292,0,0,0
781,390.5,circuit,topos,-14.070294977479598,-0.007837749487494312,0,0,0
782,391.0,circuit,topos,-14.041499619237067,-0.007821709254885909,0,0,0
783,391.5,circuit,topos,-14.012740249625383,-0.007805689069467236,0,0,0
784,392.0,circuit,topos,-13.984016781840333,-0.007789688882884676,0,0,0
785,392.5,circuit,topos,-13.955329129383674,-0.0077737086469550475,0,0,0
786,393.0,circuit,topos,-13.926677206061726,-0.007757748313664824,0,0,0
787,393.5,circuit,topos,-13.89806092598397,-0.0077418078351693545,0,0,0
788,394.0,circuit,topos,-13.869480203561661,-0.007725887163792087,0,0,0
789,394.5,circuit,topos,-13.840934953506446,-0.007709986252023802,0,0,0
790,395.0,circuit,topos,-13.812425090828983,-0.007694105052521839,0,0,0
791,395.5,circuit,topos,-13.783950530837574,-0.0076782435181093405,0,0,0
792,396.0,circuit,topos,-13.755511189136808,-0.007662401601774493,0,0,0
793,396.5,circuit,topos,-13.727106981626205,-0.007646579256669772,0,0,0
794,397.0,circuit,topos,-13.698737824498876,-0.007630776436111195,0,0,0
795,397.5,circuit,topos,-13.670403634240177,-0.007614993093577571,0,0,0
796,398.0,circuit,topos,-13.642104327626386,-0.007599229182709768,0,0,0
797,398.5,circuit,topos,-13.613839821723381,-0.007583484657309972,0,0,0
798,399.0,circuit,topos,-13.585610033885319,-0.00756775947134095,0,0,0
799,399.5,circuit,topos,-13.557414881753328,-0.00755205357892533,0,0,0
800,400.0,circuit,topos,-13.529254283254215,-0.00753636693434487,0,0,0
801,400.5,circuit,topos,-13.501128156599163,-0.007520699492039739,0,0,0
802,401.0,circuit,topos,-13.473036420282451,-0.007505051206607803,0,0,0
803,401.5,circuit,topos,-13.44497899308017,-0.00748942203280391,0,0,0
804,402.0,circuit,topos,-13.416955794048954,-0.007473811925539179,0,0,0
805,402.5,circuit,topos,-13.388966742524715,-0.007458220839880301,0,0,0
806,403.0,circuit,topos,-13.361011758121384,-0.0074426487310488365,0,0,0
807,403.5,circuit,topos,-13.33309076072966,-0.0074270955544205155,0,0,0
808,404.0,circuit,topos,-13.305203670515764,-0.0074115612655245465,0,0,0
809,404.5,circuit,topos,-13.27735040792021,-0.00739604582004293,0,0,0
810,405.0,circuit,topos,-13.249530893656562,-0.007380549173809767,0,0,0
811,405.5,circuit,topos,-13.22174504871022,-0.007365071282810584,0,0,0
812,406.0,circuit,topos,-13.193992794337198,-0.007349612103181648,0,0,0
813,406.5,circuit,topos,-13.166274052062915,-0.0073341715912093,0,0,0
814,407.0,circuit,topos,-13.138588743680994,-0.007318749703329279,0,0,0
815,407.5,circuit,topos,-13.110936791252062,-0.007303346396126055,0,0,0
816,408.0,circuit,topos,-13.083318117102557,-0.007287961626332173,0,0,0
817,408.5,circuit,topos,-13.055732643823552,-0.007272595350827581,0,0,0
818,409.0,circuit,topos,-13.02818029426957,-0.007257247526638989,0,0,0
819,409.5,circuit,topos,-13.000660991557414,-0.007241918110939203,0,0,0
820,410.0,circuit,topos,-12.973174659065009,-0.007226607061046485,0,0,0
821,410.5,circuit,topos,-12.945721220430235,-0.007211314334423905,0,0,0
822,411.0,circuit,topos,-12.918300599549777,-0.007196039888678698,0,0,0
823,411.5,circuit,topos,-12.890912720577985,-0.007180783681561626,0,0,0
824,412.0,circuit,topos,-12.863557507925728,-0.007165545670966348,0,0,0
825,412.5,circuit,topos,-12.836234886259263,-0.007150325814928781,0,0,0
826,413.0,circuit,topos,-12.808944780499106,-0.007135124071626477,0,0,0
827,413.5,circuit,topos,-12.781687115818917,-0.007119940399378,0,0,0
828,414.0,circuit,topos,-12.754461817644376,-0.0071047747566422995,0,0,0
829,414.5,circuit,topos,-12.727268811652081,-0.007089627102018095,0,0,0
830,415.0,circuit,topos,-12.70010802376844,-0.007074497394243263,0,0,0
831,415.5,circuit,topos,-12.672979380168579,-0.0070593855921942264,0,0,0
832,416.0,circuit,topos,-12.645882807275248,-0.007044291654885344,0,0,0
833,416.5,circuit,topos,-12.618818231757734,-0.007029215541468307,0,0,0
834,417.0,circuit,topos,-12.591785580530786,-0.007014157211231539,0,0,0
835,417.5,circuit,topos,-12.564784780753538,-0.006999116623599596,0,0,0
836,418.0,circuit,topos,-12.53781575982844,-0.0069840937381325735,0,0,0
837,418.5,circuit,topos,-12.510878445400202,-0.006969088514525512,0,0,0
838,419.0,circuit,topos,-12.48397276535473,-0.006954100912607812,0,0,0
839,419.5,circuit,topos,-12.45709864781808,-0.006939130892342645,0,0,0
840,420.0,circuit,topos,-12.430256021155412,-0.0069241784138263755,0,0,0
841,420.5,circuit,topos,-12.403444813969946,-0.006909243437287979,0,0,0
842,421.0,circuit,topos,-12.376664955101937,-0.006894325923088464,0,0,0
843,421.5,circuit,topos,-12.34991637362764,-0.006879425831720307,0,0,0
844,422.0,circuit,topos,-12.323198998858286,-0.006864543123806873,0,0,0
845,422.5,circuit,topos,-12.296512760339072,-0.006849677760101854,0,0,0
846,423.0,circuit,topos,-12.269857587848136,-0.006834829701488706,0,0,0
847,423.5,circuit,topos,-12.243233411395563,-0.006819998908980083,0,0,0
848,424.0,circuit,topos,-12.216640161222378,-0.0068051853437172865,0,0,0
849,424.5,circuit,topos,-12.190077767799547,-0.006790388966969704,0,0,0
850,425.0,circuit,topos,-12.163546161826993,-0.00677560974013426,0,0,0
851,425.5,circuit,topos,-12.137045274232603,-0.006760847624734865,0,0,0
852,426.0,circuit,topos,-12.110575036171255,-0.006746102582421875,0,0,0
853,426.5,circuit,topos,-12.084135379023836,-0.006731374574971542,0,0,0
854,427.0,circuit,topos,-12.057726234396277,-0.0067166635642854754,0,0,0
855,427.5,circuit,topos,-12.031347534118584,-0.006701969512390105,0,0,0
856,428.0,circuit,topos,-12.00499921024388,-0.006687292381436147,0,0,0
857,428.5,circuit,topos,-11.978681195047454,-0.0066726321336980695,0,0,0
858,429.0,circuit,topos,-11.952393421025802,-0.00665798873157357,0,0,0
859,429.5,circuit,topos,-11.92613582089569,-0.006643362137583038,0,0,0
860,430.0,circuit,topos,-11.899908327593211,-0.006628752314369041,0,0,0
861,430.5,circuit,topos,-11.873710874272854,-0.006614159224695802,0,0,0
862,431.0,circuit,topos,-11.847543394306566,-0.006599582831448677,0,0,0
863,431.5,circuit,topos,-11.821405821282836,-0.006585023097633645,0,0,0
864,432.0,circuit,topos,-11.795298089005765,-0.00657047998637679,0,0,0
865,432.5,circuit,topos,-11.76922013149416,-0.006555953460923797,0,0,0
866,433.0,circuit,topos,-11.743171882980617,-0.006541443484639439,0,0,0
867,433.5,circuit,topos,-11.717153277910615,-0.0065269500210070755,0,0,0
868,434.0,circuit,topos,-11.69116425094162,-0.006512473033628151,0,0,0
869,434.5,circuit,topos,-11.665204736942185,-0.006498012486221694,0,0,0
870,435.0,circuit,topos,-11.639274670991053,-0.006483568342623819,0,0,0
871,435.5,circuit,topos,-11.613373988376281,-0.006469140566787236,0,0,0
872,436.0,circuit,topos,-11.587502624594348,-0.0064547291227807545,0,0,0
873,436.5,circuit,topos,-11.56166051534928,-0.006440333974788798,0,0,0
874,437.0,circuit,topos,-11.535847596551774,-0.006425955087110913,0,0,0
875,437.5,circuit,topos,-11.510063804318333,-0.00641159242416129,0,0,0
876,438.0,circuit,topos,-11.484309074970403,-0.006397245950468281,0,0,0
877,438.5,circuit,topos,-11.458583345033503,-0.0063829156306739136,0,0,0
878,439.0,circuit,topos,-11.43288655123638,-0.006368601429533426,0,0,0
879,439.5,circuit,topos,-11.407218630510155,-0.006354303311914782,0,0,0
880,440.0,circuit,topos,-11.381579519987469,-0.006340021242798205,0,0,0
881,440.5,circuit,topos,-11.355969157001649,-0.006325755187275706,0,0,0
882,441.0,circuit,topos,-11.33038747908587,-0.006311505110550623,0,0,0
883,441.5,circuit,topos,-11.304834423972313,-0.006297270977937145,0,0,0
884,442.0,circuit,topos,-11.279309929591342,-0.00628305275485986,0,0,0
885,442.5,circuit,topos,-11.25381393407068,-0.006268850406853292,0,0,0
886,443.0,circuit,topos,-11.228346375734581,-0.006254663899561442,0,0,0
887,443.5,circuit,topos,-11.20290719310302,-0.006240493198737336,0,0,0
888,444.0,circuit,topos,-11.177496324890873,-0.006226338270242567,0,0,0
889,444.5,circuit,topos,-11.152113710007116,-0.006212199080046849,0,0,0
890,445.0,circuit,topos,-11.126759287554018,-0.006198075594227572,0,0,0
891,445.5,circuit,topos,-11.101432996826336,-0.006183967778969346,0,0,0
892,446.0,circuit,topos,-11.076134777310525,-0.006169875600563568,0,0,0
893,446.5,circuit,topos,-11.050864568683942,-0.0061557990254079735,0,0,0
894,447.0,circuit,topos,-11.02562231081406,-0.006141738020006201,0,0,0
895,447.5,circuit,topos,-11.00040794375768,-0.006127692550967354,0,0,0
896,448.0,circuit,topos,-10.975221407760156,-0.006113662585005566,0,0,0
897,448.5,circuit,topos,-10.950062643254617,-0.006099648088939571,0,0,0
898,449.0,circuit,topos,-10.92493159086119,-0.006085649029692268,0,0,0
899,449.5,circuit,topos,-10.899828191386238,-0.006071665374290296,0,0,0
900,450.0,circuit,topos,-10.87475238582159,-0.006057697089863609,0,0,0
901,450.5,circuit,topos,-10.849704115343789,-0.006043744143645052,0,0,0
902,451.0,circuit,topos,-10.824683321313321,-0.006029806502969935,0,0,0
903,451.5,circuit,topos,-10.799689945273876,-0.006015884135275623,0,0,0
904,452.0,circuit,topos,-10.77472392895159,-0.006001977008101106,0,0,0
905,452.5,circuit,topos,-10.7497852142543,-0.005988085089086594,0,0,0
906,453.0,circuit,topos,-10.72487374327081,-0.005974208345973099,0,0,0
907,453.5,circuit,topos,-10.699989458270144,-0.005960346746602027,0,0,0
908,454.0,circuit,topos,-10.675132301700815,-0.005946500258914764,0,0,0
909,454.5,circuit,topos,-10.650302216190095,-0.005932668850952274,0,0,0
910,455.0,circuit,topos,-10.625499144543287,-0.005918852490854693,0,0,0
911,455.5,circuit,topos,-10.600723029743001,-0.005905051146860921,0,0,0
912,456.0,circuit,topos,-10.575973814948439,-0.005891264787308229,0,0,0
913,456.5,circuit,topos,-10.551251443494671,-0.005877493380631855,0,0,0
914,457.0,circuit,topos,-10.52655585889193,-0.0058637368953646084,0,0,0
915,457.5,circuit,topos,-10.501887004824896,-0.005849995300136475,0,0,0
916,458.0,circuit,topos,-10.477244825151997,-0.005836268563674223,0,0,0
917,458.5,circuit,topos,-10.452629263904702,-0.005822556654801014,0,0,0
918,459.0,circuit,topos,-10.428040265286826,-0.005808859542436013,0,0,0
919,459.5,circuit,topos,-10.403477773673835,-0.005795177195594,0,0,0
920,460.0,circuit,topos,-10.378941733612148,-0.005781509583384986,0,0,0
921,460.5,circuit,topos,-10.354432089818458,-0.0057678566750138304,0,0,0
922,461.0,circuit,topos,-10.32994878717904,-0.005754218439779857,0,0,0
923,461.5,circuit,topos,-10.305491770749077,-0.0057405948470764774,0,0,0
924,462.0,circuit,topos,-10.281060985751974,-0.005726985866390813,0,0,0
925,462.5,circuit,topos,-10.256656377578691,-0.005713391467303317,0,0,0
926,463.0,circuit,topos,-10.232277891787064,-0.0056998116194874006,0,0,0
927,463.5,circuit,topos,-10.20792547410114,-0.005686246292709064,0,0,0
928,464.0,circuit,topos,-10.183599070410517,-0.005672695456826525,0,0,0
929,464.5,circuit,topos,-10.159298626769676,-0.0056591590817898435,0,0,0
930,465.0,circuit,topos,-10.135024089397326,-0.005645637137640569,0,0,0
931,465.5,circuit,topos,-10.110775404675751,-0.005632129594511364,0,0,0
932,466.0,circuit,topos,-10.086552519150151,-0.005618636422625645,0,0,0
933,466.5,circuit,topos,-10.062355379528004,-0.005605157592297222,0,0,0
934,467.0,circuit,topos,-10.03818393267841,-0.005591693073929936,0,0,0
935,467.5,circuit,topos,-10.014038125631453,-0.005578242838017305,0,0,0
936,468.0,circuit,topos,-9.989917905577569,-0.005564806855142165,0,0,0
937,468.5,circuit,topos,-9.965823219866898,-0.005551385095976319,0,0,0
938,469.0,circuit,topos,-9.94175401600866,-0.005537977531280181,0,0,0
939,469.5,circuit,topos,-9.917710241670521,-0.005524584131902427,0,0,0
940,470.0,circuit,topos,-9.893691844677967,-0.005511204868779648,0,0,0
941,470.5,circuit,topos,-9.86969877301368,-0.005497839712935995,0,0,0
942,471.0,circuit,topos,-9.84573097481692,-0.0054844886354828435,0,0,0
943,471.5,circuit,topos,-9.821788398382905,-0.005471151607618441,0,0,0
944,472.0,circuit,topos,-9.797870992162197,-0.005457828600627573,0,0,0
945,472.5,circuit,topos,-9.773978704760092,-0.0054445195858812126,0,0,0
946,473.0,circuit,topos,-9.750111484936006,-0.0054312245348361885,0,0,0
947,473.5,circuit,topos,-9.726269281602878,-0.005417943419034846,0,0,0
948,474.0,circuit,topos,-9.702452043826558,-0.005404676210104708,0,0,0
949,474.5,circuit,topos,-9.678659720825214,-0.005391422879758148,0,0,0
950,475.0,circuit,topos,-9.654892261968733,-0.00537818339979205,0,0,0
951,475.5,circuit,topos,-9.631149616778124,-0.005364957742087482,0,0,0
952,476.0,circuit,topos,-9.607431734924933,-0.005351745878609365,0,0,0
953,476.5,circuit,topos,-9.583738566230648,-0.0053385477814061446,0,0,0
954,477.0,circuit,topos,-9.560070060666117,-0.005325363422609469,0,0,0
955,477.5,circuit,topos,-9.536426168350966,-0.005312192774433858,0,0,0
956,478.0,circuit,topos,-9.512806839553017,-0.005299035809176386,0,0,0
957,478.5,circuit,topos,-9.489212024687712,-0.005285892499216356,0,0,0
958,479.0,circuit,topos,-9.465641674317537,-0.005272762817014981,0,0,0
959,479.5,circuit,topos,-9.442095739151453,-0.005259646735115069,0,0,0
960,480.0,circuit,topos,-9.418574170044327,-0.0052465442261407005,0,0,0
961,480.5,circuit,topos,-9.395076917996361,-0.005233455262796916,0,0,0
962,481.0,circuit,topos,-9.371603934152539,-0.005220379817869404,0,0,0
963,481.5,circuit,topos,-9.348155169802052,-0.005207317864224185,0,0,0
964,482.0,circuit,topos,-9.324730576377751,-0.005194269374807301,0,0,0
965,482.5,circuit,topos,-9.301330105455591,-0.005181234322644511,0,0,0
966,483.0,circuit,topos,-9.277953708754069,-0.005168212680840976,0,0,0
967,483.5,circuit,topos,-9.254601338133684,-0.005155204422580957,0,0,0
968,484.0,circuit,topos,-9.231272945596386,-0.00514220952112751,0,0,0
969,484.5,circuit,topos,-9.207968483285029,-0.005129227949822181,0,0,0
970,485.0,circuit,topos,-9.18468790348283,-0.005116259682084703,0,0,0
971,485.5,circuit,topos,-9.161431158612832,-0.0051033046914126965,0,0,0
972,486.0,circuit,topos,-9.138198201237362,-0.005090362951381374,0,0,0
973,486.5,circuit,topos,-9.1149889840575,-0.0050774344356432355,0,0,0
974,487.0,circuit,topos,-9.091803459912546,-0.005064519117927774,0,0,0
975,487.5,circuit,topos,-9.068641581779488,-0.0050516169720411855,0,0,0
976,488.0,circuit,topos,-9.045503302772477,-0.0050387279718660674,0,0,0
977,488.5,circuit,topos,-9.022388576142305,-0.005025852091361133,0,0,0
978,489.0,circuit,topos,-8.999297355275877,-0.005012989304560917,0,0,0
979,489.5,circuit,topos,-8.976229593695694,-0.005000139585575487,0,0,0
980,490.0,circuit,topos,-8.953185245059338,-0.004987302908590155,0,0,0
981,490.5,circuit,topos,-8.930164263158954,-0.004974479247865192,0,0,0
982,491.0,circuit,topos,-8.90716660192074,-0.004961668577735541,0,0,0
983,491.5,circuit,topos,-8.884192215404433,-0.004948870872610532,0,0,0
984,492.0,circuit,topos,-8.861241057802806,-0.004936086106973602,0,0,0
985,492.5,circuit,topos,-8.838313083441161,-0.004923314255382011,0,0,0
986,493.0,circuit,topos,-8.815408246776826,-0.004910555292466567,0,0,0
987,493.5,circuit,topos,-8.792526502398653,-0.004897809192931337,0,0,0
988,494.0,circuit,topos,-8.769667805026522,-0.00488507593155338,0,0,0
989,494.5,circuit,topos,-8.746832109510846,-0.0048723554831824655,0,0,0
990,495.0,circuit,topos,-8.724019370832073,-0.004859647822740799,0,0,0
991,495.5,circuit,topos,-8.701229544100197,-0.004846952925222748,0,0,0
992,496.0,circuit,topos,-8.678462584554275,-0.0048342707656945745,0,0,0
993,496.5,circuit,topos,-8.655718447561927,-0.004821601319294155,0,0,0
994,497.0,circuit,topos,-8.632997088618866,-0.004808944561230718,0,0,0
995,497.5,circuit,topos,-8.610298463348407,-0.0047963004667845735,0,0,0
996,498.0,circuit,topos,-8.587622527500987,-0.0047836690113068426,0,0,0
997,498.5,circuit,topos,-8.564969236953692,-0.004771050170219196,0,0,0
998,499.0,circuit,topos,-8.542338547709779,-0.004758443919013588,0,0,0
999,499.5,circuit,topos,-8.519730415898202,-0.004745850233251988,0,0,0
1000,500.0,circuit,topos,-8.497144797773142,-0.004733269088566126,0,0,0
